name,cr,type,size,ac,hp,align,legendary,str,dex,con,int,wis,cha,Action,Speed_Scraped,Skill,XP
aboleth,10,aberration,Large,17,135,lawful evil,Legendary,21,9,15,18,15,18,"Multiattack. The aboleth makes three tentacle attacks.Tentacle. Melee Weapon Attack: +9 to hit, reach 10 ft., one target. Hit: 12 (2d6 + 5) bludgeoning damage. If the target is a creature, it must succeed on a DC 14 Constitution saving throw or become diseased. The disease has no effect for 1 minute and can be removed by any magic that cures disease. After 1 minute, the diseased creature's skin be","10 ft., swim 40 ft.","History +12, Perception +10",5900
thug,1,humanoid (any race),Medium,11,32,any non-good alignment,,15,11,14,10,10,11,"Multiattack. The thug makes two melee attacks.Mace. Melee Weapon Attack: +4 to hit, reach 5 ft., one creature. Hit: 5 (1d6 + 2) bludgeoning damage.Heavy Crossbow. Ranged Weapon Attack: +2 to hit, range 100/400 ft., one target. Hit: 5 (1d10) piercing damage.Thugs are ruthless enforcers skilled at intimidation and violence. They work for money and have few scruples.Monster Manual (SRD)",30 ft.,Intimidation +2,100
adult-black-dragon,14,dragon,Huge,19,195,chaotic evil,Legendary,23,14,21,14,13,17,"Multiattack. The dragon can use its Frightful Presence. It then makes three attacks: one with its bite and two with its claws.Bite. Melee Weapon Attack: +11 to hit, reach 10 ft., one target. Hit: 17 (2d10 + 6) piercing damage plus 4 (1d8) acid damage.Claw. Melee Weapon Attack: +11 to hit, reach 5 ft., one target. Hit: 13 (2d6 + 6) slashing damage.Tail. Melee Weapon Attack: +11 to hit, reach 15 ft.","40 ft., fly 80 ft., swim 40 ft.","Perception +11, Stealth +7",11500
adult-blue-dragon,16,dragon,Huge,19,225,lawful evil,Legendary,25,10,23,16,15,19,"Multiattack. The dragon can use its Frightful Presence. It then makes three attacks: one with its bite and two with its claws.Bite. Melee Weapon Attack: +12 to hit, reach 10 ft., one target. Hit: 18 (2d10 + 7) piercing damage plus 5 (1d10) lightning damage.Claw. Melee Weapon Attack: +12 to hit, reach 5 ft., one target. Hit: 14 (2d6 + 7) slashing damage.Tail. Melee Weapon Attack: +12 to hit, reach ","40 ft., burrow 30 ft., fly 80 ft.","Perception +12, Stealth +5",15000
adult-brass-dragon,13,dragon,Huge,18,172,chaotic good,Legendary,23,10,21,14,13,17,"Multiattack. The dragon can use its Frightful Presence. It then makes three attacks: one with its bite and two with its claws.Bite. Melee Weapon Attack: +11 to hit, reach 10 ft., one target. Hit: 17 (2d10 + 6) piercing damage.Claw. Melee Weapon Attack: +11 to hit, reach 5 ft., one target. Hit: 13 (2d6 + 6) slashing damage.Tail. Melee Weapon Attack: +11 to hit, reach 15 ft., one target. Hit: 15 (2d","40 ft., burrow 30 ft., fly 80 ft.","History +7, Perception +11, Persuasion +8, Stealth +5",10000
adult-bronze-dragon,15,dragon,Huge,19,212,lawful good,Legendary,25,10,23,16,15,19,"Multiattack. The dragon can use its Frightful Presence. It then makes three attacks: one with its bite and two with its claws.Bite. Melee Weapon Attack: +12 to hit, reach 10 ft., one target. Hit: 18 (2d10 + 7) piercing damage.Claw. Melee Weapon Attack: +12 to hit, reach 5 ft., one target. Hit: 14 (2d6 + 7) slashing damage.Tail. Melee Weapon Attack: +12 to hit, reach 15 ft., one target. Hit: 16 (2d","40 ft., fly 80 ft., swim 40 ft.","Insight +7, Perception +12, Stealth +5",13000
adult-copper-dragon,14,dragon,Huge,18,184,chaotic good,Legendary,23,12,21,18,15,17,"Multiattack. The dragon can use its Frightful Presence. It then makes three attacks: one with its bite and two with its claws.Bite. Melee Weapon Attack: +11 to hit, reach 10 ft., one target. Hit: 17 (2d10 + 6) piercing damage.Claw. Melee Weapon Attack: +11 to hit, reach 5 ft., one target. Hit: 13 (2d6 + 6) slashing damage.Tail. Melee Weapon Attack: +11 to hit, reach 15 ft., one target. Hit: 15 (2d","40 ft., climb 40 ft., fly 80 ft.","Deception +8, Perception +12, Stealth +6",11500
adult-gold-dragon,17,dragon,Huge,19,256,lawful good,Legendary,27,14,25,16,15,24,"Multiattack. The dragon can use its Frightful Presence. It then makes three attacks: one with its bite and two with its claws.Bite. Melee Weapon Attack: +14 to hit, reach 10 ft., one target. Hit: 19 (2d10 + 8) piercing damage.Claw. Melee Weapon Attack: +14 to hit, reach 5 ft., one target. Hit: 15 (2d6 + 8) slashing damage.Tail. Melee Weapon Attack: +14 to hit, reach 15 ft., one target. Hit: 17 (2d","40 ft., fly 80 ft., swim 40 ft.","Insight +8, Perception +14, Persuasion +13, Stealth +8",18000
adult-green-dragon,15,dragon,Huge,19,207,lawful evil,Legendary,23,12,21,18,15,17,"Multiattack. The dragon can use its Frightful Presence. It then makes three attacks: one with its bite and two with its claws.Bite. Melee Weapon Attack: +11 to hit, reach 10 ft., one target. Hit: 17 (2d10 + 6) piercing damage plus 7 (2d6) poison damage.Claw. Melee Weapon Attack: +11 to hit, reach 5 ft., one target. Hit: 13 (2d6 + 6) slashing damage.Tail. Melee Weapon Attack: +11 to hit, reach 15 f","40 ft., fly 80 ft., swim 40 ft.","Deception +8, Insight +7, Perception +12, Persuasion +8, Stealth +6",13000
adult-red-dragon,17,dragon,Huge,19,256,chaotic evil,Legendary,27,10,25,16,13,21,"Multiattack. The dragon can use its Frightful Presence. It then makes three attacks: one with its bite and two with its claws.Bite. Melee Weapon Attack: +14 to hit, reach 10 ft., one target. Hit: 19 (2d10 + 8) piercing damage plus 7 (2d6) fire damage.Claw. Melee Weapon Attack: +14 to hit, reach 5 ft., one target. Hit: 15 (2d6 + 8) slashing damage.Tail. Melee Weapon Attack: +14 to hit, reach 15 ft.","40 ft., climb 40 ft., fly 80 ft.","Perception +13, Stealth +6",18000
adult-silver-dragon,16,dragon,Huge,19,243,lawful good,Legendary,27,10,25,16,13,21,"Multiattack. The dragon can use its Frightful Presence. It then makes three attacks: one with its bite and two with its claws.Bite. Melee Weapon Attack: +13 to hit, reach 10 ft., one target. Hit: 19 (2d10 + 8) piercing damage.Claw. Melee Weapon Attack: +13 to hit, reach 5 ft., one target. Hit: 15 (2d6 + 8) slashing damage.Tail. Melee Weapon Attack: +13 to hit, reach 15 ft., one target. Hit: 17 (2d","40 ft., fly 80 ft.","Arcana +8, History +8, Perception +11, Stealth +5",15000
adult-white-dragon,13,dragon,Huge,18,200,chaotic evil,Legendary,22,10,22,8,12,12,"Multiattack. The dragon can use its Frightful Presence. It then makes three attacks: one with its bite and two with its claws.Bite. Melee Weapon Attack: +11 to hit, reach 10 ft., one target. Hit: 17 (2d10 + 6) piercing damage plus 4 (1d8) cold damage.Claw. Melee Weapon Attack: +11 to hit, reach 5 ft., one target. Hit: 13 (2d6 + 6) slashing damage.Tail. Melee Weapon Attack: +11 to hit, reach 15 ft.","40 ft., burrow 30 ft., fly 80 ft., swim 40 ft.","Perception +11, Stealth +5",10000
air-elemental,5,elemental,Large,15,90,neutral,,14,20,14,6,10,6,"Multiattack. The elemental makes two slam attacks.Slam. Melee Weapon Attack: +8 to hit, reach 5 ft., one target. Hit: 14 (2d8 + 5) bludgeoning damage.Whirlwind (Recharge 4-6). Each creature in the elemental's space must make a DC 13 Strength saving throw. On a failure, a target takes 15 (3d8 + 2) bludgeoning damage and is flung up 20 feet away from the elemental in a random direction and knocked p","0 ft., fly 90 ft. (hover)",,1800
satyr,1,fey,Medium,14,31,chaotic neutral,,12,16,11,12,10,14,,40 ft.,"Perception +2, Performance +6, Stealth +5",100
allosaurus,2,beast,Large,13,51,unaligned,,19,13,17,2,12,5,"Bite. Melee Weapon Attack: +6 to hit, reach 5 ft., one target. Hit: 15 (2d10 + 4) piercing damage.Claw. Melee Weapon Attack: +6 to hit, reach 5 ft., one target. Hit: 8 (1d8 + 4) slashing damage.The allosaurus is a predatory dinosaur of great size, strength, and speed. It can run down almost any prey over open ground, pouncing to pull creatures down with its wicked claws.Monster Manual (BR)",60 ft.,Perception +5,450
ancient-black-dragon,21,dragon,Gargantuan,22,367,chaotic evil,Legendary,27,14,25,16,15,19,"Multiattack. The dragon can use its Frightful Presence. It then makes three attacks: one with its bite and two with its claws.Bite. Melee Weapon Attack: +15 to hit, reach 15 ft., one target. Hit: 19 (2d10 + 8) piercing damage plus 9 (2d8) acid damage.Claw. Melee Weapon Attack: +15 to hit, reach 10 ft., one target. Hit: 15 (2d6 + 8) slashing damage.Tail. Melee Weapon Attack: +15 to hit, reach 20 ft","40 ft., fly 80 ft., swim 40 ft.","Perception +16, Stealth +9",33000
ancient-blue-dragon,23,dragon,Gargantuan,22,481,lawful evil,Legendary,29,10,27,18,17,21,"Multiattack. The dragon can use its Frightful Presence. It then makes three attacks: one with its bite and two with its claws.Bite. Melee Weapon Attack: +16 to hit, reach 15 ft., one target. Hit: 20 (2d10 + 9) piercing damage plus 11 (2d10) lightning damage.Claw. Melee Weapon Attack: +16 to hit, reach 10 ft., one target. Hit: 16 (2d6 + 9) slashing damage.Tail. Melee Weapon Attack: +16 to hit, reac","40 ft., burrow 40 ft., fly 80 ft.","Perception +17, Stealth +7",50000
ancient-brass-dragon,20,dragon,Gargantuan,20,297,chaotic good,Legendary,27,10,25,16,15,19,"Multiattack. The dragon can use its Frightful Presence. It then makes three attacks: one with its bite and two with its claws.Bite. Melee Weapon Attack: +14 to hit, reach 15 ft., one target. Hit: 19 (2d10 + 8) piercing damage.Claw. Melee Weapon Attack: +14 to hit, reach 10 ft., one target. Hit: 15 (2d6 + 8) slashing damage.Tail. Melee Weapon Attack: +14 to hit, reach 20 ft., one target. Hit: 17 (2","40 ft., burrow 40 ft., fly 80 ft.","History +9, Perception +14, Persuasion +10, Stealth +6",25000
ancient-bronze-dragon,22,dragon,Gargantuan,22,444,lawful good,Legendary,29,10,27,18,17,21,"Multiattack. The dragon can use its Frightful Presence. It then makes three attacks: one with its bite and two with its claws.Bite. Melee Weapon Attack: +16 to hit, reach 15 ft., one target. Hit: 20 (2d10 + 9) piercing damage.Claw. Melee Weapon Attack: +16 to hit, reach 10 ft., one target. Hit: 16 (2d6 + 9) slashing damage.Tail. Melee Weapon Attack: +16 to hit, reach 20 ft., one target. Hit: 18 (2","40 ft., fly 80 ft., swim 40 ft.","Insight +10, Perception +17, Stealth +7",41000
ancient-copper-dragon,21,dragon,Gargantuan,21,350,chaotic good,Legendary,27,12,25,20,17,19,"Multiattack. The dragon can use its Frightful Presence. It then makes three attacks: one with its bite and two with its claws.Bite. Melee Weapon Attack: +15 to hit, reach 15 ft., one target. Hit: 19 (2d10 + 8) piercing damage.Claw. Melee Weapon Attack: +15 to hit, reach 10 ft., one target. Hit: 15 (2d6 + 8) slashing damage.Tail. Melee Weapon Attack: +15 to hit, reach 20 ft., one target. Hit: 17 (2","40 ft., climb 40 ft., fly 80 ft.","Deception +11, Perception +17, Stealth +8",33000
ancient-gold-dragon,24,dragon,Gargantuan,22,546,lawful good,Legendary,30,14,29,18,17,28,"Multiattack. The dragon can use its Frightful Presence. It then makes three attacks: one with its bite and two with its claws.Bite. Melee Weapon Attack: +17 to hit, reach 15 ft., one target. Hit: 21 (2d10 + 10) piercing damage.Claw. Melee Weapon Attack: +17 to hit, reach 10 ft., one target. Hit: 17 (2d6 + 10) slashing damage.Tail. Melee Weapon Attack: +17 to hit, reach 20 ft., one target. Hit: 19 ","40 ft., fly 80 ft., swim 40 ft.","Insight +10, Perception +17, Persuasion +16, Stealth +9",62000
ancient-green-dragon,22,dragon,Gargantuan,21,385,lawful evil,Legendary,27,12,25,20,17,19,"Multiattack. The dragon can use its Frightful Presence. It then makes three attacks: one with its bite and two with its claws.Bite. Melee Weapon Attack: +15 to hit, reach 15 ft., one target. Hit: 19 (2d10 + 8) piercing damage plus 10 (3d6) poison damage.Claw. Melee Weapon Attack: +15 to hit, reach 10 ft., one target. Hit: 22 (4d6 + 8) slashing damage.Tail. Melee Weapon Attack: +15 to hit, reach 20","40 ft., fly 80 ft., swim 40 ft.","Deception +11, Insight +10, Perception +17, Persuasion +11, Stealth +8",41000
ancient-red-dragon,24,dragon,Gargantuan,22,546,chaotic evil,Legendary,30,10,29,18,15,23,"Multiattack. The dragon can use its Frightful Presence. It then makes three attacks: one with its bite and two with its claws.Bite. Melee Weopon Attack: +17 to hit, reach 15 ft., one target. Hit: 21 (2d10 + 10) piercing damage plus 14 (4d6) fire damage.Claw. Melee Weapon Attack: +17 to hit, reach 10 ft., one target. Hit: 17 (2d6 + 10) slashing damage.Tail. Melee Weapon Attack: +17 to hit, reach 20","40 ft., climb 40 ft., fly 80 ft.","Perception +16, Stealth +7",62000
ancient-shadow,1,undead,Medium,13,32,chaotic evil,,6,16,14,6,10,8,"Strength Drain. Melee Weapon Attack: +5 to hit, reach 5 ft., one creature. Hit: 10 (2d6 + 3) necrotic damage, and the target's Strength score is reduced by 1d4. The target dies if this reduces its Strength to 0. Otherwise, the reduction lasts until the target finishes a short or long rest. If a non-evil humanoid dies from this attack, a new shadow (CR 1/2) rises from the corpse 1d2 hours later.Ext",40 ft.,Stealth +5 (+7 in dim light or darkness),200
ancient-silver-dragon,23,dragon,Gargantuan,22,487,lawful good,Legendary,30,10,29,18,15,23,"Multiattack. The dragon can use its Frightful Presence. It then makes three attacks: one with its bite and two with its claws.Bite. Melee Weapon Attack: +17 to hit, reach 15 ft., one target. Hit: 21 (2d10 + 10) piercing damage.Claw. Melee Weapon Attack: +17 to hit, reach 10 ft., one target. Hit: 17 (2d6 + 10) slashing damage.Tail. Melee Weapon Attack: +17 to hit, reach 20 ft., one target. Hit: 19 ","40 ft., fly 80 ft.","Arcana +11, History +11, Perception +16, Stealth +7",50000
ancient-white-dragon,20,dragon,Gargantuan,20,333,chaotic evil,Legendary,26,10,26,10,13,14,"Multiattack. The dragon can use its Frightful Presence. It then makes three attacks: one with its bite and two with its claws.Bite. Melee Weapon Attack: +14 to hit, reach 15 ft., one target. Hit: 19 (2d10 + 8) piercing damage plus 9 (2d8) cold damage.Claw. Melee Weapon Attack: +14 to hit, reach 10 ft., one target. Hit: 15 (2d6 + 8) slashing damage.Tail. Melee Weapon Attack: +14 to hit, reach 20 ft","40 ft., burrow 40 ft., fly 80 ft., swim 40 ft.","Perception +13, Stealth +6",25000
androsphinx,17,monstrosity,Large,17,199,lawful neutral,Legendary,22,10,20,16,18,23,"Multiattack. The sphinx makes two claw attacks.Claw. Melee Weapon Attack: +12 to hit, reach 5 ft., one target. Hit: 17 (2d10 + 6) slashing damage.Roar (3/Day). The sphinx emits a magical roar. Each time it roars before finishing a long rest, the roar is louder and the effect is different, as detailed below. Each creature within 500 feet of the sphinx and able to hear the roar must make a saving th","40 ft., fly 60 ft.","Arcana +9, Perception +10, Religion +15",18000
animated-armor,1,construct,Medium,18,33,unaligned,,14,11,13,1,3,1,"Multiattack. The armor makes two melee attacks.Slam. Melee Weapon Attack: +4 to hit, reach 5 ft., one target. Hit: 5 (1d6 + 2) bludgeoning damage.This suit of magically animated plate armor clamors as it moves, banging and grinding like the vengeful spirit of a fallen knight.Monster Manual (SRD)",25 ft.,,200
ankheg,2,monstrosity,Large,14,39,unaligned,,17,11,13,1,13,6,"Bite. Melee Weapon Attack: +5 to hit, reach 5 ft., one target. Hit: 10 (2d6 + 3) slashing damage plus 3 (1d6) acid damage. If the target is a Large or smaller creature, it is grappled (escape DC 13). Until this grapple ends, the ankheg can bite only the grappled creature and has advantage on attack rolls to do so.Acid Spray (Recharge 6). The ankheg spits acid in a line that is 30 feet long and 5 f","30 ft., burrow 10 ft.",,450
ankylosaurus,3,beast,Huge,15,68,unaligned,,19,11,15,2,12,5,,30 ft.,,700
annis-hag,6,fey,Large,17,75,chaotic evil,,21,12,14,13,14,15,"Multiattack. The annis makes one Bite attack and two Claw attacks.Bite. Melee Weapon Attack: +8 to hit, reach 5 ft., one target. Hit: 15 (3d6 + 5) piercing damage.Claw. Melee Weapon Attack: +8 to hit, reach 5 ft., one target. Hit: 15 (3d6 + 5) slashing damage.Crushing Hug. Melee Weapon Attack: +8 to hit, reach 5 ft., one target. Hit: 36 (9d6 + 5) bludgeoning damage, and the target is grappled (esc",40 ft.,"Deception +5, Perception +5",2300
cockatrice,1,monstrosity,Small,11,27,unaligned,,6,12,12,2,13,5,"Bite. Melee Weapon Attack: +3 to hit, reach 5 ft., one creature. Hit: 3 (1d4 + 1) piercing damage, and the target must succeed on a DC 11 Constitution saving throw against being magically petrified. On a failed save, the creature begins to turn to stone and is restrained. It must repeat the saving throw at the end of its next turn. On a success, the effect ends. On a failure, the creature is petri","20 ft., fly 40 ft.",,100
mud-mephit,1,elemental,Small,11,27,neutral evil,,8,12,12,9,11,7,"Fists. Melee Weapon Attack: +3 to hit, reach 5 ft., one creature. Hit: 4 (1d6 + 1) bludgeoning damage.Mud Breath (Recharge 6). The mephit belches viscid mud onto one creature within 5 feet of it. If the target is Medium or smaller, it must succeed on a DC 11 Dexterity saving throw or be restrained for 1 minute. A creature can repeat the saving throw at the end of each of its turns, ending the effe","20 ft., fly 20 ft., swim 20 ft.",Stealth +3,50
archmage,12,humanoid (any race),Medium,12,99,any alignment,,10,14,12,20,15,16,"Dagger. Melee or Ranged Weapon Attack: +6 to hit, reach 5 ft. or range 20/60 ft., one target. Hit: 4 (1d4 + 2) piercing damage.Archmages are powerful (and usually quite old) spellcasters dedicated to the study of the arcane arts. Benevolent ones counsel kings and queens, while evil ones rule as tyrants and pursue lichdom. Those who are neither good nor evil sequester themselves in remote towers to",30 ft.,"Arcana +13, History +13",8400
assassin,8,humanoid (any race),Medium,15,78,any non-good alignment,,11,16,14,13,11,10,"Multiattack. The assassin makes two shortsword attacks.Shortsword. Melee Weapon Attack: +6 to hit, reach 5 ft., one target. Hit: 6 (1d6 + 3) piercing damage, and the target must make a DC 15 Constitution saving throw, taking 24 (7d6) poison damage on a failed save, or half as much damage on a successful one.Light Crossbow. Ranged Weapon Attack: +6 to hit, range 80/320 ft., one target. Hit: 7 (1d8 ",30 ft.,"Acrobatics +6, Deception +3, Perception +3, Stealth +9",3900
astral-dreadnought,21,monstrosity (titan),Gargantuan,20,297,unaligned,Legendary,28,7,25,5,14,18,"Multiattack. The dreadnought makes one Bite attack and two Claw attacks.Bite. Melee Weapon Attack: +16 to hit, reach 10 ft., one target. Hit: 36 (5d10 + 9) force damage. If the target is a Huge or smaller creature and this damage reduces it to 0 hit points or it is incapacitated, the dreadnought swallows it. The swallowed target, along with everything it is wearing and carrying, appears in an unoc","15 ft., fly 80 ft. (hover)",Perception +9,33000
aurochs,2,beast,Large,11,38,unaligned,,20,10,19,2,12,5,Gore.Monsters of the Multiverse,50 ft.,,450
awakened-shrub,0,plant,Small,9,10,unaligned,,3,8,11,10,10,6,,20 ft.,,10
awakened-tree,2,plant,Huge,13,59,unaligned,,19,6,15,10,10,7,"Slam. Melee Weapon Attack: +6 to hit, reach 10 ft., one target. Hit: 14 (3d6 + 4) bludgeoning damage.An awakened tree is an ordinary tree given sentience and mobility by magic.Monster Manual (SRD)",20 ft.,,450
rust-monster,1,monstrosity,Medium,14,27,unaligned,,13,12,13,2,13,6,"Bite. Melee Weapon Attack: +3 to hit, reach 5 ft., one target. Hit: 5 (1d8 + 1) piercing damage.Antennae. The rust monster corrodes a nonmagical ferrous metal object it can see within 5 feet of it. If the object isn't being worn or carried, the touch destroys a 1-foot cube of it. If the object is being worn or carried by a creature, the creature can make a DC 11 Dexterity saving throw to avoid the",40 ft,,100
azer,2,elemental,Medium,17,39,lawful neutral,,17,12,15,12,13,10,"Warhammer. Melee Weapon Attack: +5 to hit, reach 5 ft., one target. Hit: 7 (1d8 + 3) bludgeoning damage, or 8 (1d10 + 3) bludgeoning damage if used with two hands to make a melee attack, plus 3 (1d6) fire damage.Monster Manual (SRD)",30 ft.,,450
baboon,0,beast,Small,12,3,unaligned,,8,14,11,4,12,6,"Bite. Melee Weapon Attack: +1 to hit, reach 5 ft., one target. Hit: 1 (1d4 - 1) piercing damage.Monster Manual (SRD)","30 ft., climb 30 ft.",,10
badger,0,beast,Tiny,10,3,unaligned,,4,11,12,2,12,5,"Bite. Melee Weapon Attack: +2 to hit, reach 5 ft., one target. Hit: 1 piercing damage.Monster Manual (SRD)","20 ft., burrow 5 ft.",,10
balor,19,fiend (demon),Huge,19,262,chaotic evil,,26,15,22,20,16,22,"Multiattack. The balor makes two attacks: one with its longsword and one with its whip.Longsword. Melee Weapon Attack: +14 to hit, reach 10 ft., one target. Hit: 21 (3d8 + 8) slashing damage plus 13 (3d8) lightning damage. If the balor scores a critical hit, it rolls damage dice three times, instead of twice.Whip. Melee Weapon Attack: +14 to hit, reach 30 ft., one target. Hit: 15 (2d6 + 8) slashin","40 ft., fly 80 ft.",,22000
bandit-captain,2,humanoid (any race),Medium,15,65,any non-lawful alignment,,15,16,14,14,11,14,"Multiattack. The captain makes three melee attacks: two with its scimitar and one with its dagger. Or the captain makes two ranged attacks with its daggers.Scimitar. Melee Weapon Attack: +5 to hit, reach 5 ft., one target. Hit: 6 (1d6 + 3) slashing damage.Dagger. Melee or Ranged Weapon Attack: +5 to hit, reach 5 ft. or range 20/60 ft., one target. Hit: 5 (1d4 + 3) piercing damage.Parry. The captai",30 ft.,"Athletics +4, Deception +4",450
banshee,4,undead,Medium,12,58,chaotic evil,,1,14,10,12,11,17,"Corrupting Touch. Melee Spell Attack: +4 to hit, reach 5 ft., one target. Hit: 12 (3d6 + 2) necrotic damage.Horrifying Visage. Each non-undead creature within 60 feet of the banshee that can see her must succeed on a DC 13 Wisdom saving throw or be frightened for 1 minute. A frightened target can repeat the saving throw at the end of each of its turns, with disadvantage if the banshee is within li","0 ft., fly 40 ft. (hover)",,1100
barbed-devil,5,fiend (devil),Medium,15,110,lawful evil,,16,17,18,12,14,14,"Multiattack. The devil makes three melee attacks: one with its tail and two with its claws. Alternatively, it can use Hurl Flame twice.Claw. Melee Weapon Attack: +6 to hit, reach 5 ft., one target. Hit: 6 (1d6 + 3) piercing damage.Tail. Melee Weapon Attack: +6 to hit, reach 5 ft., one target. Hit: 10 (2d6 + 3) piercing damage.Hurl Flame. Ranged Spell Attack: +5 to hit, range 150 ft., one target. H",30 ft.,"Deception +5, Insight +5, Perception +8",1800
barghest,4,fiend (shapechanger),Large,17,90,neutral evil,,19,15,14,13,12,14,"Multiattack. The barghest makes one Bite attack and one Claw attack.Bite. Melee Weapon Attack: +6 to hit, reach 5 ft., one target. Hit: 13 (2d8 + 4) piercing damage.Claw. Melee Weapon Attack: +6 to hit, reach 5 ft., one target. Hit: 8 (1d8 + 4) slashing damage.Spellcasting. The barghest casts one of the following spells, requiring no material components and using Charisma as the spellcasting abili",60 ft. (30 ft. in goblin form),"Deception +4, Intimidation +4, Perception +5, Stealth +4",1100
barlgura,5,fiend (demon),Large,15,68,chaotic evil,,18,15,16,7,14,9,"Multiattack. The barlgura makes three attacks: one with its bite and two with its fists.Bite. Melee Weapon Attack: +7 to hit, reach 5 ft., one target. Hit: 11 (2d6 + 4) piercing damage.Fist. Melee Weapon Attack: +7 to hit, reach 5 ft., one target. Hit: 9 (1d10 + 4) bludgeoning damage.Monster Manual (BR+)","40 ft., climb 40 ft.","Perception +5, Stealth +5",1800
basilisk,3,monstrosity,Medium,15,52,unaligned,,16,8,15,2,8,7,"Bite. Melee Weapon Attack: +5 to hit, reach 5 ft., one target. Hit: 10 (2d6 + 3) piercing damage plus 7 (2d6) poison damage.A basilisk is a multilegged, reptilian horror whose deadly gaze transforms victims into porous stone. With it strong jaws, the creature consumes this stone, which returns to organic form in its gullet.Monster Manual (SRD)",20 ft.,,700
bat,0,beast,Tiny,12,1,unaligned,,2,15,8,2,12,4,"Bite. Melee Weapon Attack: +0 to hit, reach 5 ft., one creature. Hit: 1 piercing damage.Monster Manual (SRD)","5 ft., fly 30 ft.",,10
bearded-devil,3,fiend (devil),Medium,13,52,lawful evil,,16,15,15,9,11,11,"Multiattack. The devil makes two attacks: one with its beard and one with its glaive.Beard. Melee Weapon Attack: +5 to hit, reach 5 ft., one creature. Hit: 6 (1d8 + 2) piercing damage, and the target must succeed on a DC 12 Constitution saving throw or be poisoned for 1 minute. While poisoned in this way, the target can't regain hit points. The target can repeat the saving throw at the end of each",30 ft.,,700
behir,11,monstrosity,Huge,17,168,neutral evil,,23,16,18,7,14,12,"Multiattack. The behir makes two attacks: one with its bite and one to constrict.Bite. Melee Weapon Attack: +10 to hit, reach 10 ft., one target. Hit: 22 (3d10 + 6) piercing damage.Constrict. Melee Weapon Attack: +10 to hit, reach 5 ft., one Large or smaller creature. Hit: 17 (2d10 + 6) bludgeoning damage plus 17 (2d10 + 6) slashing damage. The target is grappled (escape DC 16) if the behir isn't ","50 ft., climb 40 ft.","Perception +6, Stealth +7",7200
berserker,2,humanoid (any race),Medium,13,67,any chaotic alignment,,16,12,17,9,11,9,"Greataxe. Melee Weapon Attack: +5 to hit, reach 5 ft., one target. Hit: 9 (1d12 + 3) slashing damage.Hailing from uncivilized lands, unpredictable berserkers come together in war parties and seek conflict wherever they can find it.Monster Manual (SRD)",30 ft.,,450
worg,1,monstrosity,Large,13,26,neutral evil,,16,13,13,7,11,8,"Bite. Melee Weapon Attack: +5 to hit, reach 5 ft., one target. Hit: 10 (2d6 + 3) piercing damage. If the target is a creature, it must succeed on a DC 13 Strength saving throw or be knocked prone.A worg is a monstrous wolf-like predator that delights in hunting and devouring creatures weaker than itself.Monster Manual (SRD)",50 ft.,Perception +4,100
black-dragon-wyrmling,2,dragon,Medium,17,33,chaotic evil,,15,14,13,10,11,13,"Bite. Melee Weapon Attack: +4 to hit, reach 5 ft., one target. Hit: 7 (1d10 + 2) piercing damage plus 2 (1d4) acid damage.Acid Breath (Recharge 5–6). The dragon exhales acid in a 15-foot line that is 5 feet wide. Each creature in that line must make a DC 11 Dexterity saving throw, taking 22 (5d8) acid damage on a failed save, or half as much damage on a successful one.Monster Manual (SRD)","30 ft., fly 60 ft., swim 30 ft.","Perception +4, Stealth +4",450
black-pudding,4,ooze,Large,7,85,unaligned,,16,5,16,1,6,1,"Pseudopod. Melee Weapon Attack: +5 to hit, reach 5 ft., one target. Hit: 6 (1d6 + 3) bludgeoning damage plus 18 (4d8) acid damage. In addition, nonmagical armor worn by the target is partly dissolved and takes a permanent and cumulative -1 penalty to the AC it offers. The armor is destroyed if the penalty reduces its AC to 10.ReactionsSplit. When a pudding that is Medium or larger is subjected to ","20 ft., climb 20 ft.",,1100
swarm-of-rats,1,swarm of Tiny beasts,Medium,10,24,unaligned,,9,11,9,2,10,3,"Bites. Melee Weapon Attack: +2 to hit, reach 0 ft., one target in the swarm's space. Hit: 7 (2d6) piercing damage, or 3 (1d6) piercing damage if the swarm has half of its hit points or fewer.Monster Manual (SRD)",30 ft.,,50
swarm-of-ravens,1,swarm of Tiny beasts,Medium,12,24,unaligned,,6,14,8,3,12,6,"Beaks. Melee Weapon Attack: +4 to hit, reach 5 ft., one target in the swarm's space. Hit: 7 (2d6) piercing damage, or 3 (1d6) piercing damage if the swarm has half of its hit points or fewer.Monster Manual (SRD)","10 ft., fly 50 ft.",Perception +5,50
blue-dragon-wyrmling,3,dragon,Medium,17,52,lawful evil,,17,10,15,12,11,15,"Bite. Melee Weapon Attack: +5 to hit, reach 5 ft., one target. Hit: 8 (1d10 + 3) piercing damage plus 3 (1d6) lightning damage.Lightning Breath (Recharge 5-6). The dragon exhales lightning in a 30-foot line that is 5 feet wide. Each creature in that line must make a DC 12 Dexterity saving throw, taking 22 (4d10) lightning damage on a failed save, or half as much damage on a successful one.Monster ","30 ft., burrow 15 ft., fly 60 ft.","Perception +4, Stealth +2",700
blink-dog,1,fey,Medium,13,22,lawful good,,12,17,12,10,13,11,"Bite. Melee Weapon Attack: +3 to hit, reach 5 ft., one target. Hit: 4 (1d6 + 1) piercing damage.Teleport (Recharge 4-6). The dog magically teleports, along with any equipment it is wearing or carrying, up to 40 feet to an unoccupied space it can see. Before or after teleporting, the dog can make one bite attack.A blink dog takes its name from its ability to blink in and out of existence, a talent ",40 ft.,"Perception +3, Stealth +5",50
bone-devil,9,fiend (devil),Large,19,142,lawful evil,,18,16,18,13,14,16,"Multiattack. The devil makes three attacks: two with its claws and one with its sting.Claw. Melee Weapon Attack: +8 to hit, reach 10 ft., one target. Hit: 8 (1d8 + 4) slashing damage.Sting. Melee Weapon Attack: +8 to hit, reach 10 ft., one target. Hit: 13 (2d8 + 4) piercing damage plus 17 (5d6) poison damage, and the target must succeed on a DC 14 Constitution saving throw or become poisoned for 1","40 ft., fly 40 ft.","Deception +7, Insight +6",5000
brass-dragon-wyrmling,1,dragon,Medium,16,16,chaotic good,,15,10,13,10,11,13,"Bite. Melee Weapon Attack: +4 to hit, reach 5 ft., one target. Hit: 7 (1d10 + 2) piercing damage.Breath Weapons (Recharge 5-6). The dragon uses one of the following breath weapons.Fire Breath. The dragon exhales fire in an 20-foot line that is 5 feet wide. Each creature in that line must make a DC 11 Dexterity saving throw, taking 14 (4d6) fire damage on a failed save, or half as much damage on a ","30 ft., burrow 15 ft., fly 60 ft.","Perception +4, Stealth +2",200
bronze-dragon-wyrmling,2,dragon,Medium,17,32,lawful good,,17,10,15,12,11,15,"Bite. Melee Weapon Attack: +5 to hit, reach 5 ft., one target. Hit: 8 (1d10 + 3) piercing damage.Breath Weapons (Recharge 5-6). The dragon uses one of the following breath weapons.Lightning Breath. The dragon exhales lightning in a 40-foot line that is 5 feet wide. Each creature in that line must make a DC 12 Dexterity saving throw, taking 16 (3d10) lightning damage on a failed save, or half as mu","30 ft., fly 60 ft., swim 30 ft.","Perception +4, Stealth +2",450
brown-bear,1,beast,Large,11,34,unaligned,,19,10,16,2,13,7,"Multiattack. The bear makes two attacks: one with its bite and one with its claws.Bite. Melee Weapon Attack: +6 to hit, reach 5 ft., one target. Hit: 8 (1d8 + 4) piercing damage.Claws. Melee Weapon Attack: +6 to hit, reach 5 ft., one target. Hit: 11 (2d6 + 4) slashing damage.Monster Manual (SRD)","40 ft., climb 30 ft.",Perception +3,200
bugbear,1,humanoid (goblinoid),Medium,16,27,chaotic evil,,15,14,13,8,11,9,"Morningstar. Melee Weapon Attack: +4 to hit, reach 5 ft., one target. Hit: 11 (2d8 + 2) piercing damage.Javelin. Melee or Ranged Weapon Attack: +4 to hit, reach 5 ft. or range 30/120 ft., one target. Hit: 9 (2d6 + 2) piercing damage in melee or 5 (1d6 + 2) piercing damage at range.Bugbears are hairy goblinoids born for battle and mayhem. They survive by raiding and hunting, but are fond of setting",30 ft.,"Stealth +6, Survival +2",200
bulette,5,monstrosity,Large,17,94,unaligned,,19,11,21,2,10,5,"Bite. Melee Weapon Attack: +7 to hit, reach 5 ft., one target. Hit: 30 (4d12 + 4) piercing damage.Deadly Leap. If the bulette jumps at least 15 feet as part of its movement, it can then use this action to land on its feet in a space that contains one or more other creatures. Each of those creatures must succeed on a DC 16 Strength or Dexterity saving throw (target's choice) or be knocked prone and","40 ft., burrow 40 ft.",Perception +6,1800
darkmantle,1,monstrosity,Small,11,22,unaligned,,16,12,13,2,10,5,"Crush. Melee Weapon Attack: +5 to hit, reach 5 ft., one creature. Hit: 6 (1d6 + 3) bludgeoning damage, and the darkmantle attaches to the target. If the target is Medium or smaller and the darkmantle has advantage on the attack roll, it attaches by engulfing the target's head, and the target is also blinded and unable to breathe while the darkmantle is attached in this way. While attached to the t","10 ft., fly 30 ft.",Stealth +3,100
cat,0,beast,Tiny,12,2,unaligned,,3,15,10,3,12,7,"Claws. Melee Weapon Attack: +0 to hit, reach 5 ft., one target. Hit: 1 slashing damage.Monster Manual (SRD)","40 ft., climb 30 ft.","Perception +3, Stealth +4",10
centaur,2,monstrosity,Large,12,45,neutral good,,18,14,14,9,13,11,"Multiattack. The centaur makes two attacks: one with its pike and one with its hooves or two with its longbow.Pike. Melee Weapon Attack: +6 to hit, reach 10 ft., one target. Hit: 9 (1d10 + 4) piercing damage.Hooves. Melee Weapon Attack: +6 to hit, reach 5 ft., one target. Hit: 11 (2d6 + 4) bludgeoning damage.Longbow. Ranged Weapon Attack: +4 to hit, range 150/600 ft., one target. Hit: 6 (1d8 + 2) ",50 ft.,"Athletics +6, Perception +3, Survival +3",450
chain-devil,8,fiend (devil),Medium,16,85,lawful evil,,18,15,18,11,12,14,"Multiattack. The devil makes two attacks with its chains.Chain. Melee Weapon Attack: +8 to hit, reach 10 ft., one target. Hit: 11 (2d6 + 4) slashing damage. The target is grappled (escape DC 14) if the devil isn't already grappling a creature. Until this grapple ends, the target is restrained and takes 7 (2d6) piercing damage at the start of each of its turns.Animate Chains (Recharges after a Shor",30 ft.,,3900
chimera,6,monstrosity,Large,14,114,chaotic evil,,19,11,19,3,14,10,"Multiattack. The chimera makes three attacks: one with its bite, one with its horns, and one with its claws. When its fire breath is available, it can use the breath in place of its bite or horns.Bite. Melee Weapon Attack: +7 to hit, reach 5 ft., one target. Hit: 11 (2d6 + 4) piercing damage.Horns. Melee Weapon Attack: +7 to hit, reach 5 ft., one target. Hit: 10 (1d12 + 4) bludgeoning damage.Claws","30 ft., fly 60 ft.",Perception +8,2300
chuul,4,aberration,Large,16,93,chaotic evil,,19,10,16,5,11,5,"Multiattack. The chuul makes two pincer attacks. If the chuul is grappling a creature, the chuul can also use its tentacles once.Pincer. Melee Weapon Attack: +6 to hit, reach 10 ft., one target. Hit: 11 (2d6 + 4) bludgeoning damage. The target is grappled (escape DC 14) if it is a Large or smaller creature and the chuul doesn't have two other creatures grappled.Tentacles. One creature grappled by ","30 ft., swim 30 ft.",Perception +4,1100
clay-golem,9,construct,Large,14,133,unaligned,,20,9,18,3,8,1,"Multiattack. The golem makes two slam attacks.Slam. Melee Weapon Attack: +8 to hit, reach 5 ft., one target. Hit: 16 (2d10 + 5) bludgeoning damage. If the target is a creature, it must succeed on a DC 15 Constitution saving throw or have its hit point maximum reduced by an amount equal to the damage taken. The target dies if this attack reduces its hit point maximum to 0. The reduction lasts until",20 ft.,,5000
cloaker,8,aberration,Large,14,78,chaotic neutral,,17,15,12,13,12,14,"Multiattack. The cloaker makes two attacks: one with its bite and one with its tail.Bite. Melee Weapon Attack: +6 to hit, reach 5 ft., one creature. Hit: 10 (2d6 + 3) piercing damage, and if the target is Large or smaller, the cloaker attaches to it. If the cloaker has advantage against the target, the cloaker attaches to the target's head, and the target is blinded and unable to breathe while the","10 ft., fly 40 ft.",Stealth +5,3900
cloud-giant,9,giant,Huge,14,200,neutral good ,,27,10,22,12,16,16,"Multiattack. The giant makes two morningstar attacks.Morningstar. Melee Weapon Attack: +12 to hit, reach 10 ft., one target. Hit: 21 (3d8 + 8) piercing damage.Rock. Ranged Weapon Attack: +12 to hit, range 60/240 ft., one target. Hit: 30 (4d10 + 8) bludgeoning damage.A cloud giant earns its place in the ordning by the treasure it accumulates, the wealth it wears, and the gifts it bestows on other c",40 ft.,"Insight +7, Perception +7",5000
giant-bat,1,beast,Large,13,22,unaligned,,15,16,11,2,12,6,"Bite. Melee Weapon Attack: +4 to hit, reach 5 ft., one creature. Hit: 5 (1d6 + 2) piercing damage.Monster Manual (SRD)","10 ft., fly 60 ft.",,50
commoner,0,humanoid (any race),Medium,10,4,any alignment,,10,10,10,10,10,10,"Club. Melee Weapon Attack: +2 to hit, reach 5 ft., one target. Hit: 2 (1d4) bludgeoning damage.Commoners include peasants, serfs, slaves, servants, pilgrims, merchants, artisans, and hermits.Monster Manual (SRD)",30 ft.,,10
gnoll,1,humanoid (gnoll),Medium,15,22,chaotic evil,,14,12,11,6,10,7,"Bite. Melee Weapon Attack: +4 to hit, reach 5 ft., one creature. Hit: 4 (1d4 + 2) piercing damage.Spear. Melee or Ranged Weapon Attack: +4 to hit, reach 5 ft. or range 20/60 ft., one target. Hit: 5 (1d6 + 2) piercing damage, or 6 (1d8 + 2) piercing damage if used with two hands to make a melee attack.Longbow. Ranged Weapon Attack: +3 to hit, range 150/600 ft., one target. Hit: 5 (1d8 + 1) piercing",30 ft.,,100
copper-dragon-wyrmling,1,dragon,Medium,16,22,chaotic good,,15,12,13,14,11,13,"Bite. Melee Weapon Attack: +4 to hit, reach 5 ft., one target. Hit: 7 (1d10 + 2) piercing damage.Breath Weapons (Recharge 5-6). The dragon uses one of the following breath weapons.Acid Breath. The dragon exhales acid in an 20-foot line that is 5 feet wide. Each creature in that line must make a DC 11 Dexterity saving throw, taking 18 (4d8) acid damage on a failed save, or half as much damage on a ","30 ft., climb 30 ft., fly 60 ft.","Perception +4, Stealth +3",200
couatl,4,celestial,Medium,19,97,lawful good,,16,20,17,18,20,18,"Bite. Melee Weapon Attack: +8 to hit, reach 5 ft., one creature. Hit: 8 (1d6 + 5) piercing damage, and the target must succeed on a DC 13 Constitution saving throw or be poisoned for 24 hours. Until this poison ends, the target is unconscious. Another creature can use an action to shake the target awake.Constrict. Melee Weapon Attack: +6 to hit, reach 10 ft., one Medium or smaller creature. Hit: 1","30 ft., fly 90 ft.",,1100
crab,0,beast,Tiny,11,2,unaligned,,2,11,10,1,8,2,"Claw. Melee Weapon Attack: +0 to hit, reach 5 ft., one target. Hit: 1 bludgeoning damage.Monster Manual (SRD)","20 ft., swim 20 ft.",Stealth +2,10
crawling-claw,0,undead,Tiny,12,2,neutral evil,,13,14,11,5,10,4,"Claw. Melee Weapon Attack: +3 to hit, reach 5 ft., one target. Hit: 3 (1d4 + 1) bludgeoning or slashing damage (claw's choice).Monster Manual (BR+)","20 ft., climb 20 ft.",,10
gray-ooze,1,ooze,Medium,8,22,unaligned,,12,6,16,1,6,2,"Pseudopod. Melee Weapon Attack: +3 to hit, reach 5 ft., one target. Hit: 4 (1d6 + 1) bludgeoning damage plus 7 (2d6) acid damage, and if the target is wearing nonmagical metal armor, its armor is partly corroded and takes a permanent and cumulative -1 penalty to the AC it offers. The armor is destroyed if the penalty reduces its AC to 10.Monster Manual (SRD)","10 ft., climb 10 ft.",Stealth +2,100
cult-fanatic,2,humanoid (any race),Medium,13,33,any non-good alignment,,11,14,12,10,13,14,"Multiattack. The fanatic makes two melee attacks.Dagger. Melee or Ranged Weapon Attack: +4 to hit, reach 5 ft. or range 20/60 ft., one creature. Hit: 4 (1d4 + 2) piercing damage.Fanatics are often part of a cult's leadership, using their charisma and dogma to influence and prey on those of weak will. Most are interested in personal power above all else.Monster Manual (SRD)",30 ft.,"Deception +4, Persuasion +4, Religion +2",450
lizardfolk,1,humanoid (lizardfolk),Medium,15,22,neutral,,15,10,13,7,12,7,"Multiattack. The lizardfolk makes two melee attacks, each one with a different weapon.Bite. Melee Weapon Attack: +4 to hit, reach 5 ft., one target. Hit: 5 (1d6 + 2) piercing damage.Heavy Club. Melee Weapon Attack: +4 to hit, reach 5 ft., one target. Hit: 5 (1d6 + 2) bludgeoning damage.Javelin. Melee or Ranged Weapon Attack: +4 to hit, reach 5 ft. or range 30/120 ft., one target. Hit: 5 (1d6 + 2) ","30 ft., swim 30 ft.","Perception +3, Stealth +4, Survival +5",100
cyclops,6,giant,Huge,14,138,chaotic neutral,,22,11,20,8,6,10,"Multiattack. The cyclops makes two greatclub attacks.Greatclub. Melee Weapon Attack: +9 to hit, reach 10 ft., one target. Hit: 19 (3d8 + 6) bludgeoning damage.Rock. Ranged Weapon Attack: +9 to hit, range 30/120 ft., one target. Hit: 28 (4d10 + 6) bludgeoning damage.Cyclopes are one-eyed giants that eke out a meager existence in wild lands. They are a terrifying threat in combat due to their size a",30 ft.,,2300
dao,11,elemental,Large,18,187,neutral evil,,23,12,24,12,13,14,"Multiattack. The dao makes two fist attacks or two maul attacks.Fist. Melee Weapon Attack: +10 to hit, reach 5 ft., one target. Hit: 15 (2d8 + 6) bludgeoning damage.Maul. Melee Weapon Attack: +10 to hit, reach 5 ft., one target. Hit: 20 (4d6 + 6) bludgeoning damage. If the target is a Huge or smaller creature, it must succeed on a DC 18 Strength check or be knocked prone.Monster Manual (BR+)","30 ft., burrow 30 ft., fly 30 ft.",,7200
magma-mephit,1,elemental,Small,11,22,neutral evil,,8,12,12,7,10,10,"Claws. Melee Weapon Attack: +3 to hit, reach 5 ft., one creature. Hit: 3 (1d4 + 1) slashing damage plus 2 (1d4) fire damage.Fire Breath (Recharge 6). The mephit exhales a 15-foot cone of fire. Each creature in that area must make a DC 11 Dexterity saving throw, taking 7 (2d6) fire damage on a failed save, or half as much damage on a successful one.Monster Manual (SRD)","30 ft., fly 30 ft.",Stealth +3,100
death-dog,1,monstrosity,Medium,12,39,neutral evil,,15,14,14,3,13,6,"Multiattack. The dog makes two bite attacks.Bite. Melee Weapon Attack: +4 to hit, reach 5 ft., one target. Hit: 5 (1d6 + 2) piercing damage. If the target is a creature, it must succeed on a DC 12 Constitution saving throw against disease or become poisoned until the disease is cured. Every 24 hours that elapse, the creature must repeat the saving throw, reducing its hit point maximum by 5 (1d10) ",40 ft.,"Perception +5, Stealth +4",200
piercer,1,monstrosity,Medium,15,22,unaligned,,10,13,16,1,7,3,"Drop. Melee Weapon Attack: +3 to hit, one creature directly underneath the piercer. Hit: 3 (1d6) piercing damage per 10 feet fallen, up to 21 (6d6). Miss: The piercer takes half the normal falling damage for the distance fallen.Monster Manual (BR+)","5 ft., climb 5 ft.",Stealth +5,100
deer,0,beast,Medium,13,4,unaligned,,11,16,11,2,14,5,"Bite. Melee Weapon Attack: +2 to hit, reach 5 ft., one target. Hit: 2 (1d4) piercing damage.Monster Manual (SRD)",50 ft.,,10
reef-shark,1,beast,Medium,12,22,unaligned,,14,13,13,1,10,4,"Bite. Melee Weapon Attack: +4 to hit, reach 5 ft., one target. Hit: 6 (1d8 + 2) piercing damage.Reef sharks measure 6 to 10 feet long, and inhabit shallow waters and coral reefs.Monster Manual (SRD)","0 ft., swim 40 ft.",Perception +2,100
deva,10,celestial,Medium,17,136,lawful good,,18,18,18,17,20,20,"Multiattack. The deva makes two melee attacks.Mace. Melee Weapon Attack: +8 to hit, reach 5 ft., one target. Hit: 7 (1d6 + 4) bludgeoning damage plus 18 (4d8) radiant damage.Healing Touch (3/Day). The deva touches another creature. The target magically regains 20 (4d8 + 2) hit points and is freed from any curse, disease, poison, blindness, or deafness.Change Shape. The deva magically polymorphs in","30 ft., fly 90 ft.","Insight +9, Perception +9",5900
devilroot,7,plant,Medium,15,105,neutral evil,,17,11,17,12,14,14,"Multiattack. The devilroot makes two melee attacks.Fiendish Vine. Melee Weapon Attack: +6 to hit, reach 10 ft., one target. Hit: 10 (2d6 + 3) bludgeoning damage. If the target is a creature, it must then succeed on a DC 16 Constitution saving throw or become poisoned and infected with a disease. Creatures immune to the poisoned condition are immune to this disease. While infected in this way, a ta",30 ft.,Perception +5,2900
sahuagin,1,humanoid (sahuagin),Medium,12,22,lawful evil,,13,11,12,12,13,9,"Multiattack. The sahuagin makes two melee attacks: one with its bite and one with its claws or spear.Bite. Melee Weapon Attack: +3 to hit, reach 5 ft., one target. Hit: 3 (1d4 + 1) piercing damage.Claws. Melee Weapon Attack: +3 to hit, reach 5 ft., one target. Hit: 3 (1d4 + 1) slashing damage.Spear. Melee or Ranged Weapon Attack: +3 to hit, reach 5 ft. or range 20/60 ft., one target. Hit: 4 (1d6 +","30 ft., swim 40 ft.",Perception +5,100
dire-wolf,1,beast,Large,14,37,unaligned,,17,15,15,3,12,7,"Bite. Melee Weapon Attack: +5 to hit, reach 5 ft., one target. Hit: 10 (2d6 + 3) piercing damage. If the target is a creature, it must succeed on a DC 13 Strength saving throw or be knocked prone.Monster Manual (SRD)",50 ft.,"Perception +3, Stealth +4",200
djinni,11,elemental,Large,17,161,chaotic good,,21,15,22,15,16,20,"Multiattack. The djinni makes three scimitar attacks.Scimitar. Melee Weapon Attack: +9 to hit, reach 5 ft., one target. Hit: 12 (2d6 + 5) slashing damage plus 3 (1d6) lightning or thunder damage (djinni's choice).Create Whirlwind. A 5-foot-radius, 30-foot-tall cylinder of swirling air magically forms on a point the djinni can see within 120 feet of it. The whirlwind lasts as long as the djinni mai","30 ft., fly 90 ft.",,7200
smoke-mephit,1,elemental,Small,12,22,neutral evil,,6,14,12,10,10,11,"Claws. Melee Weapon Attack: +4 to hit, reach 5 ft., one creature. Hit: 4 (1d4 + 2) slashing damage.Cinder Breath (Recharge 6). The mephit exhales a 15-foot cone of smoldering ash. Each creature in that area must succeed on a DC 10 Dexterity saving throw or be blinded until the end of the mephit's next turn.Monster Manual (BR+)","30 ft., fly 30 ft.","Perception +2, Stealth +4",50
doppelganger,3,monstrosity (shapechanger),Medium,14,52,neutral,,11,18,14,11,12,14,"Multiattack. The doppelganger makes two melee attacks.Slam. Melee Weapon Attack: +6 to hit, reach 5 ft., one target. Hit: 7 (1d6 + 4) bludgeoning damage.Read Thoughts. The doppelganger magically reads the surface thoughts of one creature within 60 feet of it. The effect can penetrate barriers, but 3 feet of wood or dirt, 2 feet of stone, 2 inches of metal, or a thin sheet of lead blocks it. While ",30 ft.,"Deception +6, Insight +3",700
swarm-of-bats,1,swarm of Tiny beasts,Medium,12,22,unaligned,,5,15,10,2,12,4,"Bites. Melee Weapon Attack: +4 to hit, reach 0 ft., one creature in the swarm's space. Hit: 5 (2d4) piercing damage, or 2 (1d4) piercing damage if the swarm has half of its hit points or fewer.Monster Manual (SRD)","0 ft., fly 30 ft.",,50
dragon-turtle,17,dragon,Gargantuan,20,341,neutral,,25,10,20,10,12,12,"Multiattack. The dragon turtle makes three attacks: one with its bite and two with its claws. It can make one tail attack in place of its two claw attacks.Bite. Melee Weapon Attack: +13 to hit, reach 15 ft., one target. Hit: 26 (3d12 + 7) piercing damage.Claw. Melee Weapon Attack: +13 to hit, reach 10 ft., one target. Hit: 16 (2d8 + 7) slashing damage.Tail. Melee Weapon Attack: +13 to hit, reach 1","20 ft., swim 40 ft.",,18000
swarm-of-insects,1,swarm of Tiny beasts,Medium,12,22,unaligned,,3,13,10,1,7,1,"Bites. Melee Weapon Attack: +3 to hit, reach 0 ft., one target in the swarm's space. Hit: 10 (4d4) piercing damage, or 5 (2d4) piercing damage if the swarm has half of its hit points or fewer.Monster Manual (SRD)","20 ft., climb 20 ft.",,100
drider,6,monstrosity,Large,19,123,chaotic evil,,16,16,18,13,14,12,"Multiattack. The drider makes three attacks, either with its longsword or its longbow. It can replace one of those attacks with a bite attack.Bite. Melee Weapon Attack: +6 to hit, reach 5 ft., one creature. Hit: 2 (1d4) piercing damage plus 9 (2d8) poison damage.Longsword. Melee Weapon Attack: +6 to hit, reach 5 ft., one target. Hit: 7 (1d8 + 3) slashing damage, or 8 (1d10 + 3) slashing damage if ","30 ft., climb 30 ft.","Perception +5, Stealth +9",2300
swarm-of-rot-grubs,1,swarm of Tiny beasts,Medium,8,22,unaligned,,2,7,10,1,2,1,Bites.Monsters of the Multiverse,"5 ft., climb 5 ft.",,100
drow-house-captain,9,humanoid (elf),Medium,16,162,neutral evil,,14,19,15,12,14,13,"Multiattack. The drow makes two Scimitar attacks and one Whip or Hand Crossbow attack.Scimitar. Melee Weapon Attack: +8 to hit, reach 5 ft., one target. Hit: 7 (1d6 + 4) slashing damage plus 14 (4d6) poison damage.Whip. Melee Weapon Attack: +8 to hit, reach 10 ft., one target. Hit: 6 (1d4 + 4) slashing damage.Hand Crossbow. Ranged Weapon Attack: +8 to hit, range 30/120 ft., one target. Hit: 7 (1d6",30 ft.,"Perception +6, Stealth +8",5000
drow-inquisitor,14,humanoid (elf),Medium,16,143,neutral evil,,11,15,14,16,21,20,"Multiattack. The drow makes three Death Lance attacks.Death Lance. Melee Weapon Attack: +10 to hit, reach 5 ft., one target. Hit: 8 (1d6 + 5) piercing damage plus 18 (4d8) necrotic damage. The target's hit point maximum is reduced by an amount equal to the necrotic damage taken. This reduction lasts until the target finishes a long rest. The target dies if its hit point maximum is reduced to 0.Spe",30 ft.,"Insight +10, Perception +10, Religion +8, Stealth +7",11500
drow-mage,7,humanoid (elf),Medium,12,45,neutral evil,,9,14,10,17,13,12,"Staff. Melee Weapon Attack: +2 to hit, reach 5 ft., one target. Hit: 2 (1d6 - 1) bludgeoning damage, or 3 (1d8 - 1) bludgeoning damage if used with two hands, plus 3 (1d 6) poison damage.Summon Demon (1/Day). The drow magically summons a quasit, or attempts to summon a shadow demon with a 50 percent chance of success. The summoned demon appears in an unoccupied space within 60 feet of its summoner",30 ft.,"Arcana +6, Deception +5, Perception +4, Stealth +5",2900
druid,2,humanoid (any race),Medium,11,27,any alignment,,10,12,13,12,15,11,"Quarterstaff. Melee Weapon Attack: +2 to hit (+4 to hit with shillelagh), reach 5 ft., one target. Hit: 3 (1d6) bludgeoning damage, 4 (1d8) bludgeoning damage if wielded with two hands, or 6 (1d8 + 2) bludgeoning damage with shillelagh.Druids dwell in forests and other secluded wilderness locations, where they protect the natural world from monsters and the encroachment of civilization. Some are t",30 ft.,"Medicine +4, Nature +3, Perception +4",450
dryad,1,fey,Medium,11,22,neutral,,10,12,11,14,15,18,"Club. Melee Weapon Attack: +2 to hit (+6 to hit with shillelagh), reach 5 ft., one target. Hit: 2 (1d4) bludgeoning damage, or 8 (1d8 + 4) bludgeoning damage with shillelagh.Fey Charm. The dryad targets one humanoid or beast that she can see within 30 feet of her. If the target can see the dryad, it must succeed on a DC 14 Wisdom saving throw or be magically charmed. The charmed creature regards t",30 ft.,"Perception +4, Stealth +5",200
duergar,1,humanoid (dwarf),Medium,16,26,lawful evil,,14,11,14,11,10,9,"Enlarge (Recharges after a Short or Long Rest). For 1 minute, the duergar magically increases in size, along with anything it is wearing or carrying. While enlarged, the duergar is Large, doubles its damage dice on Strength-based weapon attacks (included in the attacks), and makes Strength checks and Strength saving throws with advantage. If the duergar lacks the room to become Large, it attains t",25 ft.,,200
eagle,0,beast,Small,12,3,unaligned,,6,15,10,2,14,7,,"10 ft., fly 60 ft.",Perception +4,10
earth-elemental,5,elemental,Large,17,126,neutral,,20,8,20,5,10,5,"Multiattack. The elemental makes two slam attacks.Slam. Melee Weapon Attack: +8 to hit, reach 10 ft., one target. Hit: 14 (2d8 + 5) bludgeoning damage.An earth elemental plods forward like a walking hill, club-like arms of jagged stone swinging at its sides. Its head and body consist of dirt and stone, occasionally set with chunks of metal, gems, and bright minerals.Monster Manual (SRD)","30 ft., burrow 30 ft.",,1800
efreeti,11,elemental,Large,17,200,lawful evil,,22,12,24,16,15,16,"Multiattack. The efreeti makes two scimitar attacks or uses its Hurl Flame twice.Scimitar. Melee Weapon Attack: +10 to hit, reach 5 ft., one target. Hit: 13 (2d6 + 6) slashing damage plus 7 (2d6) fire damage.Hurl Flame. Ranged Spell Attack: +7 to hit, range 120 ft., one target. Hit: 17 (5d6) fire damage.Monster Manual (SRD)","40 ft., fly 60 ft.",,7200
elephant,4,beast,Huge,12,76,unaligned,,22,9,17,3,11,6,"Gore. Melee Weapon Attack: +8 to hit, reach 5 ft., one target. Hit: 19 (3d8 + 6) piercing damage.Stomp. Melee Weapon Attack: +8 to hit, reach 5 ft., one prone creature. Hit: 22 (3d10 + 6) bludgeoning damage.Monster Manual (SRD)",40 ft.,,1100
warhorse-skeleton,1,undead,Large,13,22,lawful evil,,18,12,15,2,8,5,"Hooves. Melee Weapon Attack: +6 to hit, reach 5 ft., one target. Hit: 11 (2d6 + 4) bludgeoning damage.Monster Manual (SRD)",60 ft.,,100
erinyes,12,fiend (devil),Medium,18,153,lawful evil,,18,16,18,14,14,18,"Multiattack. The erinyes makes three attacks.Longsword. Melee Weapon Attack: +8 to hit, reach 5 ft., one target. Hit: 8 (1d8 + 4) slashing damage, or 9 (1d10 + 4) slashing damage if used with two hands, plus 13 (3d8) poison damage.Longbow. Ranged Weapon Attack: +7 to hit, range 150/600 ft., one target. Hit: 7 (1d8 + 3) piercing damage plus 13 (3d8) poison damage, and the target must succeed on a D","30 ft., fly 60 ft.",,8400
ettercap,2,monstrosity,Medium,13,44,neutral evil,,14,15,13,7,12,8,"Multiattack. The ettercap makes two attacks: one with its bite and one with its claws.Bite. Melee Weapon Attack: +4 to hit, reach 5 ft., one creature. Hit: 6 (1d8 + 2) piercing damage plus 4 (1d8) poison damage. The target must succeed on a DC 11 Constitution saving throw or be poisoned for 1 minute. The creature can repeat the saving throw at the end of each of its turns, ending the effect on its","30 ft., climb 30 ft.","Perception +3, Stealth +4, Survival +3",450
ettin,4,giant,Large,12,85,chaotic evil,,21,8,17,6,10,8,"Multiattack. The ettin makes two attacks: one with its battleaxe and one with its morningstar.Battleaxe. Melee Weapon Attack: +7 to hit, reach 5 ft., one target. Hit: 14 (2d8 + 5) slashing damage.Morningstar. Melee Weapon Attack: +7 to hit, reach 5 ft., one target. Hit: 14 (2d8 + 5) piercing damage.Monster Manual (SRD)",40 ft.,Perception +4,1100
fire-elemental,5,elemental,Large,13,102,neutral,,10,17,16,6,10,7,"Multiattack. The elemental makes two touch attacks.Touch. Melee Weapon Attack: +6 to hit, reach 5 ft., one target. Hit: 10 (2d6 + 3) fire damage. If the target is a creature or a flammable object, it ignites. Until a creature takes an action to douse the fire, the target takes 5 (1d10) fire damage at the start of each of its turns.A faint humanoid shape shows in a fire elemental's capricious devas",50 ft.,,1800
fire-giant,9,giant,Huge,18,162,lawful evil,,25,9,23,10,14,13,"Multiattack. The giant makes two greatsword attacks.Greatsword. Melee Weapon Attack: +11 to hit, reach 10 ft., one target. Hit: 28 (6d6 + 7) slashing damage.Rock. Ranged Weapon Attack: +11 to hit, range 60/240 ft., one target. Hit: 29 (4d10 + 7) bludgeoning damage.With dark skin and flaming red hair, fire giants have a fearsome reputation as soldiers and conquerors. They dwell among volcanoes, lav",30 ft.,"Athletics +11, Perception +6",5000
fire-snake,1,elemental,Medium,14,22,neutral evil,,12,14,11,7,10,8,"Multiattack. The snake makes two attacks: one with its bite and one with its tail.Bite. Melee Weapon Attack: +3 to hit, reach 5 ft., one target. Hit: 3 (1d4 + 1) piercing damage plus 3 (1d6) fire damage.Tail. Melee Weapon Attack: +3 to hit, reach 5 ft., one target. Hit: 3 (1d4 + 1) bludgeoning damage plus 3 (1d6) fire damage.Monster Manual (BR+)",30 ft.,,200
zombie,1,undead,Medium,8,22,neutral evil,,13,6,16,3,6,5,"Slam. Melee Weapon Attack: +3 to hit, reach 5 ft., one target. Hit: 4 (1d6 + 1) bludgeoning damage.Undead zombies move with a jerky, uneven gait. They are clad in the moldering apparel they wore when put to rest, and carry the stench of decay.Monster Manual (SRD)",20 ft.,,50
ice-mephit,1,elemental,Small,11,21,neutral evil,,7,13,10,9,11,12,"Claws. Melee Weapon Attack: +3 to hit, reach 5 ft., one creature. Hit: 3 (1d4 + 1) slashing damage plus 2 (1d4) cold damage.Frost Breath (Recharge 6). The mephit exhales a 15-foot cone of cold air. Each creature in that area must succeed on a DC 10 Dexterity saving throw, taking 5 (2d4) cold damage on a failed save, or half as much damage on a successful one.Monster Manual (SRD)","30 ft., fly 30 ft.","Perception +2, Stealth +3",100
flameskull,4,undead,Tiny,13,40,neutral evil,,1,17,14,16,10,11,"Multiattack. The flameskull uses Fire Ray twice.Fire Ray. Ranged Spell Attack: +5 to hit, range 30 ft., one target. Hit: 10 (3d6) fire damage.Blazing green flames and mad, echoing laughter surround an undead flameskull. This disembodied skull blasts foes with fiery rays from its eyes and dreadful spells called up from the dark recesses of its memory.Monster Manual (BR)","0 ft., fly 40 ft. (hover)","Arcana +5, Perception +2",1100
flesh-golem,5,construct,Medium,9,93,neutral,,19,9,18,6,10,5,"Multiattack. The golem makes two slam attacks.Slam. Melee Weapon Attack: +7 to hit, reach 5 ft., one target. Hit: 13 (2d8 + 4) bludgeoning damage.A flesh golem is a grisly assortment of humanoid body parts stitched and bolted together into a muscled brute imbued with formidable strength. Powerful enchantments protect it, deflecting spells and all but the most potent weapons.Monster Manual (SRD)",30 ft.,,1800
flind,9,humanoid (gnoll),Medium,16,127,chaotic evil,,20,10,19,11,13,12,"Multiattack. The flind makes one Flail of Chaos attack, one Flail of Pain attack, and one Flail of Paralysis attack, or it makes three Longbow attacks.Flail of Chaos. Melee Weapon Attack: +9 to hit, reach 10 ft., one target. Hit: 10 (1d10 + 5) bludgeoning damage, and the target must make a DC 16 Wisdom saving throw. On a failed save, the target must use its reaction, if available, to make one mele",30 ft.,"Intimidation +5, Perception +5",5000
steam-mephit,1,elemental,Small,10,21,neutral evil,,5,11,10,11,10,12,"Claws. Melee Weapon Attack: +2 to hit, reach 5 ft., one creature. Hit: 2 (1d4) slashing damage plus 2 (1d4) fire damage.Steam Breath (Recharge 6). The mephit exhales a 15-foot cone of scalding steam. Each creature in that area must succeed on a DC 10 Dexterity saving throw, taking 4 (1d8) fire damage on a failed save, or half as much damage on a successful one.Monster Manual (SRD)","30 ft., fly 30 ft.",,50
ape,1,beast,Medium,12,19,unaligned,,16,14,14,6,12,7,"Multiattack. The ape makes two fist attacks.Fist. Melee Weapon Attack: +5 to hit, reach 5 ft., one target. Hit: 6 (1d6 + 3) bludgeoning damage.Rock. Ranged Weapon Attack: +5 to hit, range 25/50 ft., one target. Hit: 6 (1d6 + 3) bludgeoning damage.Monster Manual (SRD)","30 ft., climb 30 ft.","Athletics +5, Perception +3",100
axe-beak,1,beast,Large,11,19,unaligned,,14,12,12,2,10,5,"Beak. Melee Weapon Attack: +4 to hit, reach 5 ft., one target. Hit: 6 (1d8 + 2) slashing damage.An axe beak is a tall flightless bird with strong legs, a wedge-shaped beak, and a nasty disposition.Monster Manual (SRD)",50 ft.,,50
frog,0,beast,Tiny,11,1,unaligned,,1,13,8,1,8,3,,"20 ft., swim 20 ft.","Perception +1, Stealth +3",0
froghemoth,10,monstrosity,Huge,14,184,unaligned,,23,13,20,2,12,5,"Multiattack. The froghemoth makes one Bite attack and two Tentacle attacks, and it can use Tongue.Bite. Melee Weapon Attack: +10 to hit, reach 5 ft., one target. Hit: 22 (3d10 + 6) piercing damage, and the target is swallowed if it is a Medium or smaller creature. A swallowed creature is blinded and restrained, has total cover against attacks and other effects outside the froghemoth, and takes 10 ","30 ft., swim 30 ft.","Perception +9, Stealth +5",5900
frost-giant,8,giant,Huge,15,138,neutral evil,,23,9,21,9,10,12,"Multiattack. The giant makes two greataxe attacks.Greataxe. Melee Weapon Attack: +9 to hit, reach 10 ft., one target. Hit: 25 (3d12 + 6) slashing damage.Rock. Ranged Weapon Attack: +9 to hit, range 60/240 ft., one target. Hit: 28 (4d10 + 6) bludgeoning damage.Frost giants are creatures of ice and snow, with hair and beards of pale white or light blue, and flesh as blue as glacial ice. They respect",40 ft.,"Athletics +9, Perception +3",3900
galeb-duhr,6,elemental,Medium,16,85,neutral,,20,14,20,11,12,11,"Slam. Melee Weapon Attack: +8 to hit, reach 5 ft., one target. Hit: 12 (2d6 + 5) bludgeoning damage.Animate Boulders (1/Day). The galeb duhr magically animates up to two boulders it can see within 60 feet of it. A boulder has statistics like those of a galeb duhr, except it has Intelligence 1 and Charisma 1, it can't be charmed or frightened, and it lacks this action option. A boulder remains anim","15 ft. (30 ft. when rolling, 60 ft. rolling downhill)",,2300
gargoyle,2,elemental,Medium,15,52,chaotic evil,,15,11,16,6,11,7,"Multiattack. The gargoyle makes two attacks: one with its bite and one with its claws.Bite. Melee Weapon Attack: +4 to hit, reach 5 ft., one target. Hit: 5 (1d6 + 2) piercing damage.Claws. Melee Weapon Attack: +4 to hit, reach 5 ft., one target. Hit: 5 (1d6 + 2) slashing damage.These malevolent creatures of elemental earth resemble grotesque, fiendish statues. A gargoyle lurks among masonry and ru","30 ft., fly 60 ft.",,450
black-bear,1,beast,Medium,11,19,unaligned,,15,10,14,2,12,7,"Multiattack. The bear makes two attacks: one with its bite and one with its claws.Bite. Melee Weapon Attack: +4 to hit, reach 5 ft., one target. Hit: 5 (1d6 + 2) piercing damage.Claws. Melee Weapon Attack: +4 to hit, reach 5 ft., one target. Hit: 7 (2d4 + 2) slashing damage.Monster Manual (SRD)","40 ft., climb 30 ft.",Perception +3,100
gauth,6,aberration,Medium,15,67,lawful evil,,10,14,16,15,15,13,"Bite. Melee Weapon Attack: +3 to hit, reach 5 ft., one target. Hit: 9 (2d8) piercing damage.Eye Rays. The gauth shoots three of the following magical eye rays at random (roll three d6s, and reroll duplicates), targeting one to three creatures it can see within 120 feet of it: 1- Devour Magic Ray. The target must succeed on a DC 14 Dexterity saving throw or have one of its magic items lose all magi","0 ft., fly 20 ft. (hover)",Perception +5,2300
crocodile,1,beast,Large,12,19,unaligned,,15,10,13,2,10,5,"Bite. Melee Weapon Attack: +4 to hit, reach 5 ft., one creature. Hit: 7 (1d10 + 2) piercing damage, and the target is grappled (escape DC 12). Until this grapple ends, the target is restrained, and the crocodile can't bite another target.Monster Manual (SRD)","20 ft., swim 30 ft.",Stealth +2,100
gelatinous-cube,2,ooze,Large,6,84,unaligned,,14,3,20,1,6,1,"Pseudopod. Melee Weapon Attack: +4 to hit, reach 5 ft., one creature. Hit: 10 (3d6) acid damage.Engulf. The cube moves up to its speed. While doing so, it can enter Large or smaller creatures' spaces. Whenever the cube enters a creature's space, the creature must make a DC 12 Dexterity saving throw. On a successful save, the creature can choose to be pushed 5 feet back or to the side of the cube. ",15 ft.,,450
ghast,2,undead,Medium,13,36,chaotic evil,,16,17,10,11,10,8,"Bite. Melee Weapon Attack: +3 to hit, reach 5 ft., one creature. Hit: 12 (2d8 + 3) piercing damage.Claws. Melee Weapon Attack: +5 to hit, reach 5 ft., one target. Hit: 10 (2d6 + 3) slashing damage. If the target is a creature other than an undead, it must succeed on a DC 10 Constitution saving throw or be paralyzed for 1 minute. The target can repeat the saving throw at the end of each of its turn",30 ft.,,450
ghost,4,undead,Medium,11,45,any alignment,,7,13,10,10,12,17,"Withering Touch. Melee Weapon Attack: +5 to hit, reach 5 ft., one target. Hit: 17 (4d6 + 3) necrotic damage.Etherealness. The ghost enters the Ethereal Plane from the Material Plane, or vice versa. It is visible on the Material Plane while it is in the Border Ethereal, and vice versa, yet it can't affect or be affected by anything on the other plane.Horrifying Visage. Each non-undead creature with","0 ft., fly 40 ft. (hover)",,1100
ghoul,1,undead,Medium,12,22,chaotic evil,,13,15,10,7,10,6,"Bite. Melee Weapon Attack: +2 to hit, reach 5 ft., one creature. Hit: 9 (2d6 + 2) piercing damage.Claws. Melee Weapon Attack: +4 to hit, reach 5 ft., one target. Hit: 7 (2d4 + 2) slashing damage. If the target is a creature other than an elf or undead, it must succeed on a DC 10 Constitution saving throw or be paralyzed for 1 minute. The target can repeat the saving throw at the end of each of its",30 ft.,,200
giant-ape,7,beast,Huge,12,157,unaligned,,23,14,18,7,12,7,"Multiattack. The ape makes two fist attacks.Fist. Melee Weapon Attack: +9 to hit, reach 10 ft., one target. Hit: 22 (3d10 + 6) bludgeoning damage.Rock. Ranged Weapon Attack: +9 to hit, range 50/100 ft., one target. Hit: 30 (7d6 + 6) bludgeoning damage.Monster Manual (SRD)","40 ft., climb 40 ft.","Athletics +9, Perception +4",2900
draft-horse,1,beast,Large,10,19,unaligned,,18,10,12,2,11,7,"Hooves. Melee Weapon Attack: +6 to hit, reach 5 ft., one target. Hit: 9 (2d4 + 4) bludgeoning damage.Monster Manual (SRD)",40 ft.,,50
giant-boar,2,beast,Large,12,42,unaligned,,17,10,16,2,7,5,,40 ft.,,450
giant-goat,1,beast,Large,11,19,unaligned,,17,11,12,3,12,6,,40 ft.,,100
giant-constrictor-snake,2,beast,Huge,12,60,unaligned,,19,14,12,1,10,3,"Bite. Melee Weapon Attack: +6 to hit, reach 10 ft., one creature. Hit: 11 (2d6 + 4) piercing damage.Constrict. Melee Weapon Attack: +6 to hit, reach 5 ft., one creature. Hit: 13 (2d8 + 4) bludgeoning damage, and the target is grappled (escape DC 16). Until this grapple ends, the creature is restrained, and the snake can't constrict another target.Monster Manual (SRD)","30 ft., swim 30 ft.",Perception +2,450
giant-lizard,1,beast,Large,12,19,unaligned,,15,12,13,2,10,5,"Bite. Melee Weapon Attack: +4 to hit, reach 5 ft., one target. Hit: 6 (1d8 + 2) piercing damage.Giant lizards are fearsome predators often used as mounts or draft animals by reptilian humanoids and residents of the Underdark.Monster Manual (SRD)","30 ft., climb 30 ft.",,50
giant-crocodile,5,beast,Huge,14,85,unaligned,,21,9,17,2,10,7,"Multiattack. The crocodile makes two attacks: one with its bite and one with its tail.Bite. Melee Weapon Attack: +8 to hit, reach 5 ft., one target. Hit: 21 (3d10 + 5) piercing damage, and the target is grappled (escape DC 16). Until this grapple ends, the target is restrained, and the crocodile can't bite another target.Tail. Melee Weapon Attack: +8 to hit, reach 10 ft., one target not grappled b","30 ft., swim 50 ft.",Stealth +5,1800
giant-eagle,1,beast,Large,13,26,neutral good,,16,17,13,8,14,10,"Multiattack. The eagle makes two attacks: one with its beak and one with its talons.Beak. Melee Weapon Attack: +5 to hit, reach 5 ft., one target. Hit: 6 (1d6 + 3) piercing damage.Talons. Melee Weapon Attack: +5 to hit, reach 5 ft., one target. Hit: 10 (2d6 + 3) slashing damage.A giant eagle is a noble creature that speaks its own language and understands some speech.Monster Manual (SRD)","10 ft., fly 80 ft.",Perception +4,200
giant-elk,2,beast,Huge,14,42,unaligned,,19,16,14,7,14,10,,60 ft.,Perception +4,450
giant-fire-beetle,0,beast,Small,13,4,unaligned,,8,10,12,1,7,3,"Bite. Melee Weapon Attack: +1 to hit, reach 5 ft., one target. Hit: 2 (1d6 - 1) slashing damage.A giant fire beetle is a nocturnal creature that features a pair of glowing glands that give off light for 1d6 days after the beetle dies.Monster Manual (SRD)",30 ft.,,10
giant-owl,1,beast,Large,12,19,neutral,,13,15,12,8,13,10,,"5 ft., fly 60 ft.","Perception +5, Stealth +4",50
giant-two-headed-goat,1,beast,Large,11,19,unaligned,,17,11,12,3,12,6,"Multiattack. The two-headed goat makes two ram attacks. These attacks must be against different targets.Ram. Melee Weapon Attack: +5 to hit, reach 5 ft., one target. Hit: 8 (2d4 + 3) bludgeoning damage.Extra (Adventurers League)",40 ft.,,100
giant-hyena,1,beast,Large,12,45,unaligned,,16,14,14,2,12,7,"Bite. Melee Weapon Attack: +5 to hit, reach 5 ft., one target. Hit: 10 (2d6 + 3) piercing damage.Monster Manual (SRD)",50 ft.,Perception +3,200
mummified-warrior,1,undead,Medium,8,19,neutral,,13,6,14,8,6,8,"Spear. Melee or Ranged Weapon Attack: +3 to hit, reach 5 ft. or range 20/60 ft., one target. Hit: 4 (1d6 + 1) piercing damage, or 5 (1d8 + 1) piercing damage if used with two hands to make a melee attack.The mummified warriors are the result of an experiment carried out by the necromancer Arach.Extra (AideDD)",20 ft.,,50
giant-octopus,1,beast,Large,11,52,unaligned,,17,13,13,4,10,4,,"10 ft., swim 60 ft.","Perception +4, Stealth +5",200
warhorse,1,beast,Large,11,19,unaligned,,18,12,13,2,12,7,"Hooves. Melee Weapon Attack: +6 to hit, reach 5 ft., one target. Hit: 11 (2d6 + 4) bludgeoning damage.Monster Manual (SRD)",60 ft.,,100
giant-scorpion,3,beast,Large,15,52,unaligned,,15,13,15,1,9,3,"Multiattack. The scorpion makes three attacks: two with its claws and one with its sting.Claw. Melee Weapon Attack: +4 to hit, reach 5 ft., one target. Hit: 6 (1d8 + 2) bludgeoning damage, and the target is grappled (escape DC 12). The scorpion has two claws, each of which can grapple only one target.Sting. Melee Weapon Attack: +4 to hit, reach 5 ft., one creature. Hit: 7 (1d10 + 2) piercing damag",40 ft.,,700
dretch,1,fiend (demon),Small,11,18,chaotic evil,,11,11,12,5,8,3,"Multiattack. The dretch makes two attacks: one with its bite and one with its claws.Bite. Melee Weapon Attack: +2 to hit, reach 5 ft., one target. Hit: 3 (1d6) piercing damage.Claws. Melee Weapon Attack: +2 to hit, reach 5 ft., one target. Hit: 5 (2d4) slashing damage.Fetid Cloud (1/Day). A 10-foot radius of disgusting green gas extends out from the dretch. The gas spreads around corners, and its ",20 ft.,,50
giant-shark,5,beast,Huge,13,126,unaligned,,23,11,21,1,10,5,"Bite. Melee Weapon Attack: +9 to hit, reach 5 ft., one target. Hit: 22 (3d10 + 6) piercing damage.A giant shark is 30 feet long and normally found in deep oceans.Monster Manual (SRD)","0 ft., swim 50 ft.",Perception +3,1800
giant-spider,1,beast,Large,14,26,unaligned,,14,16,12,2,11,4,"Bite. Melee Weapon Attack: +5 to hit, reach 5 ft., one creature. Hit: 7 (1d8 + 3) piercing damage, and the target must make a DC 11 Constitution saving throw, taking 9 (2d8) poison damage on a failed save, or half as much damage on a successful one. If the poison damage reduces the target to 0 hit points, the target is stable but poisoned for 1 hour, even after regaining hit points, and is paralyz","30 ft., climb 30 ft.",Stealth +7,200
giant-toad,1,beast,Large,11,39,unaligned,,15,13,13,2,10,3,"Bite. Melee Weapon Attack: +4 to hit, reach 5 ft., one target. Hit: 7 (1d10 + 2) piercing damage plus 5 (1d10) poison damage, and the target is grappled (escape DC 13). Until this grapple ends, the target is restrained, and the toad can't bite another target.Swallow. The toad makes one bite attack against a Medium or smaller target it is grappling. If the attack hits, the target is swallowed, and ","20 ft., swim 40 ft.",,200
giant-frog,1,beast,Medium,11,18,unaligned,,12,13,11,2,10,3,"Bite. Melee Weapon Attack: +3 to hit, reach 5 ft., one target. Hit: 4 (1d6 + 1) piercing damage, and the target is grappled (escape DC 11). Until this grapple ends, the target is restrained, and the frog can't bite another target.Swallow. The frog makes one bite attack against a Small or smaller target it is grappling. If the attack hits, the target is swallowed, and the grapple ends. The swallowe","30 ft., swim 30 ft.","Perception +2, Stealth +3",50
giant-vulture,1,beast,Large,10,22,neutral evil,,15,10,15,6,12,7,"Multiattack. The vulture makes two attacks: one with its beak and one with its talons.Beak. Melee Weapon Attack: +4 to hit, reach 5 ft., one target. Hit: 7 (2d4 + 2) piercing damage.Talons. Melee Weapon Attack: +4 to hit, reach 5 ft., one target. Hit: 9 (2d6 + 2) slashing damage.A giant vulture has advanced intelligence and a malevolent bent.Monster Manual (SRD)","10 ft., fly 60 ft.",Perception +3,200
jackalwere,1,humanoid (shapechanger),Medium,12,18,chaotic evil,,11,15,11,13,11,10,"Bite (Jackal or Hybrid Form Only). Melee Weapon Attack: +4 to hit, reach 5 ft., one target. Hit: 4 (1d4 + 2) piercing damage.Scimitar (Human or Hybrid Form Only). Melee Weapon Attack: +4 to hit, reach 5 ft., one target. Hit: 5 (1d6 + 2) slashing damage.Sleep Gaze. The jackalwere gazes at one creature it can see within 30 feet of it. The target must make a DC 10 Wisdom saving throw. On a failed sav",40 ft.,"Deception +4, Perception +2, Stealth +4Immunities bludgeoning, piercing, and slashing",100
kuo-toa,1,humanoid (kuo-toa),Medium,13,18,neutral evil,,13,10,11,11,10,8,"Bite. Melee Weapon Attack: +3 to hit, reach 5 ft., one target. Hit: 3 (1d4 + 1) piercing damage.Spear. Melee or Ranged Weapon Attack: +3 to hit, reach 5 ft. or range 20/60 ft., one target. Hit: 4 (1d6 + 1) piercing damage, or 5 (1d8 + 1) piercing damage if used with two hands to make a melee attack.Net. Ranged Weapon Attack: +3 to hit, range 5/15 ft., one Large or smaller creature. Hit: The target","30 ft., swim 30 ft.",Perception +4,50
gibbering-mouther,2,aberration,Medium,9,67,neutral,,10,8,16,3,10,6,"until the start of its next turn and rolls a d8 to determine what it does during its turn. On a 1 to 4, the creature does nothing. On a 5 or 6, the creature takes no action or bonus action and uses all its movement to move in a randomly determined direction. On a 7 or 8, the creature makes a melee attack against a randomly determined creature within its reach or does nothing if it can't make such ","10 ft., swim 10 ft.",,450
glabrezu,9,fiend (demon),Large,17,157,chaotic evil,,20,15,21,19,17,16,"Multiattack. The glabrezu makes four attacks: two with its pincers and two with its fists. Alternatively, it makes two attacks with its pincers and casts one spell.Pincer. Melee Weapon Attack: +9 to hit, reach 10 ft., one target. Hit: 16 (2d10 + 5) bludgeoning damage. If the target is a Medium or smaller creature, it is grappled (escape DC 15). The glabrezu has two pincers, each of which can grapp",40 ft.,,5000
gladiator,5,humanoid (any race),Medium,16,112,any alignment,,18,15,16,10,12,15,"Multiattack. The gladiator makes three melee attacks or two ranged attacks.Spear. Melee or Ranged Weapon Attack: +7 to hit, reach 5 ft. and range 20/60 ft., one target. Hit: 11 (2d6 + 4) piercing damage, or 13 (2d8 + 4) piercing damage if used with two hands to make a melee attack.Shield Bash. Melee Weapon Attack: +7 to hit, reach 5 ft., one creature. Hit: 9 (2d4 + 4) bludgeoning damage. If the ta",30 ft.,"Athletics +10, Intimidation +5",1800
violet-fungus,1,plant,Medium,5,18,unaligned,,3,1,10,1,3,1,"Multiattack. The fungus makes 1d4 Rotting Touch attacks.Rotting Touch. Melee Weapon Attack: +2 to hit, reach 10 ft., one creature. Hit: 4 (1d8) necrotic damage.Monster Manual (SRD)",5 ft.,,50
gnoll-pack-lord,2,humanoid (gnoll),Medium,15,49,chaotic evil,,16,14,13,8,11,9,"Multiattack. The gnoll makes two attacks, either with its glaive or its longbow, and uses its Incite Rampage if it can.Bite. Melee Weapon Attack: +5 to hit, reach 5 ft., one creature. Hit: 5 (1d4 + 3) piercing damage.Glaive. Melee Weapon Attack: +5 to hit, reach 10 ft., one target. Hit: 8 (1d10 + 3) slashing damage.Longbow. Ranged Weapon Attack: +4 to hit, range 150/600 ft., one target. Hit: 6 (1d",30 ft.,,450
dust-mephit,1,elemental,Small,12,17,neutral evil,,5,14,10,9,11,10,"Claws. Melee Weapon Attack: +4 to hit, reach 5 ft., one creature. Hit: 4 (1d4 + 2) slashing damage.Blinding Breath (Recharge 6). The mephit exhales a 15-foot cone of blinding dust. Each creature in that area must succeed on a DC 10 Dexterity saving throw or be blinded for 1 minute. A creature can repeat the saving throw at the end of each of its turns, ending the effect on itself on a success.Mons","30 ft., fly 30 ft.","Perception +2, Stealth +4",100
goat,0,beast,Medium,10,4,unaligned,,12,10,11,2,10,5,,40 ft.,,10
flying-sword,1,construct,Small,17,17,unaligned,,12,15,11,1,5,1,,"0 ft., fly 50 ft. (hover)",,50
gold-dragon-wyrmling,3,dragon,Medium,17,60,lawful good,,19,14,17,14,11,16,"Bite. Melee Weapon Attack: +6 to hit, reach 5 ft., one target. Hit: 9 (1d10 + 4) piercing damage.Breath Weapons (Recharge 5-6). The dragon uses one of the following breath weapons.Fire Breath. The dragon exhales fire in a 15-foot cone. Each creature in that area must make a DC 13 Dexterity saving throw, taking 22 (4d10) fire damage on a failed save, or half as much damage on a successful one.Weake","30 ft., fly 60 ft., swim 30 ft.","Perception +4, Stealth +4",700
gorgon,5,monstrosity,Large,19,114,unaligned,,20,11,18,2,12,7,"Gore. Melee Weapon Attack: +8 to hit, reach 5 ft., one target. Hit: 18 (2d12 + 5) piercing damage.Hooves. Melee Weapon Attack: +8 to hit, reach 5 ft., one target. Hit: 16 (2d10 + 5) bludgeoning damage.Petrifying Breath (Recharge 5-6). The gorgon exhales petrifying gas in a 30-foot cone. Each creature in that area must succeed on a DC 13 Constitution saving throw. On a failed save, a target begins ",40 ft.,Perception +4,1800
green-dragon-wyrmling,2,dragon,Medium,17,38,lawful evil,,15,12,13,14,11,13,"Bite. Melee Weapon Attack: +4 to hit, reach 5 ft., one target. Hit: 7 (1d10 + 2) piercing damage plus 3 (1d6) poison damage.Poison Breath (Recharge 5-6). The dragon exhales poisonous gas in a 15-foot cone. Each creature in that area must make a DC 11 Constitution saving throw, taking 21 (6d6) poison damage on a failed save, or half as much damage on a successful one.Monster Manual (SRD)","30 ft., fly 60 ft., swim 30 ft.","Perception +4, Stealth +3",450
green-hag,3,fey,Medium,17,82,neutral evil,,18,12,16,13,14,14,"Claws. Melee Weapon Attack: +6 to hit, reach 5 ft., one target. Hit: 13 (2d8 + 4) slashing damage.Illusory Appearance. The hag covers herself and anything she is wearing or carrying with a magical illusion that makes her look like another creature of her general size and humanoid shape. The illusion ends if the hag takes a bonus action to end it or if she dies. The changes wrought by this effect f",30 ft.,"Arcana +3, Deception +4, Perception +4, Stealth +3",700
grell,3,aberration,Medium,12,55,neutral evil,,15,14,13,12,11,9,"Multiattack. The grell makes two attacks: one with its tentacles and one with its beak.Tentacles. Melee Weapon Attack: +4 to hit, reach 10 ft., one creature. Hit: 7 (1d10 + 2) piercing damage, and the target must succeed on a DC 11 Constitution saving throw or be poisoned for 1 minute. The poisoned target is paralyzed, and it can repeat the saving throw at the end of each of its turns, ending the ","10 ft., fly 30 ft. (hover)","Perception +4, Stealth +6",700
grick,2,monstrosity,Medium,14,27,neutral,,14,14,11,3,14,5,"Multiattack. The grick makes one attack with its tentacles. If that attack hits, the grick can make one beak attack against the same target.Tentacles. Melee Weapon Attack: +4 to hit, reach 5 ft., one target. Hit: 9 (2d6 + 2) slashing damage.Beak. Melee Weapon Attack: +4 to hit, reach 5 ft., one target. Hit: 5 (1d6 + 2) piercing damage.This wormlike monstrosity blends in with the rock of the cavern","30 ft., climb 30 ft.",,450
griffon,2,monstrosity,Large,12,59,unaligned,,18,15,16,2,13,8,"Multiattack. The griffon makes two attacks: one with its beak and one with its claws.Beak. Melee Weapon Attack: +6 to hit, reach 5 ft., one target. Hit: 8 (1d8 + 4) piercing damage.Claws. Melee Weapon Attack: +6 to hit, reach 5 ft., one target. Hit: 11 (2d6 + 4) slashing damage.A griffon is a ferocious avian carnivore with the muscular body of a lion and the head, forelegs, and wings of an eagle.M","30 ft., fly 80 ft.",Perception +5,450
deep-gnome-svirfneblin,1,humanoid (gnome),Small,15,16,neutral good,,15,14,14,12,10,9,"War Pick. Melee Weapon Attack: +4 to hit, reach 5 ft., one target. Hit: 6 (1d8 + 2) piercing damage.Poisoned Dart. Ranged Weapon Attack: +4 to hit, range 30/120 ft., one creature. Hit: 4 (1d4 + 2) piercing damage, and the target must succeed on a DC 12 Constitution saving throw or be poisoned for 1 minute. The target can repeat the saving throw at the end of each of its turns, ending the effect on",20 ft.,"Investigation +3, Perception +2, Stealth +4",100
giant-sea-horse,1,beast,Large,13,16,unaligned,,12,15,11,2,12,5,,"0 ft., swim 40 ft.",,100
guardian-naga,10,monstrosity,Large,18,127,lawful good,,19,18,16,16,19,18,"Bite. Melee Weapon Attack: +8 to hit, reach 10 ft., one creature. Hit: 8 (1d8 + 4) piercing damage, and the target must make a DC 15 Constitution saving throw, taking 45 (10d8) poison damage on a failed save, or half as much damage on a successful one.Spit Poison. Ranged Weapon Attack: +8 to hit, range 15/30 ft., one creature. Hit: The target must make a DC 15 Constitution saving throw, taking 45 ",40 ft.,,5900
gynosphinx,11,monstrosity,Large,17,136,lawful neutral,Legendary,18,15,16,18,18,18,"Multiattack. The sphinx makes two claw attacks.Claw. Melee Weapon Attack: +8 to hit, reach 5 ft., one target. Hit: 13 (2d8 + 4) slashing damage.Legendary actionsThe sphinx can take 3 legendary actions, choosing from the options below. Only one legendary action option can be used at a time and only at the end of another creature's turn. The sphinx regains spent legendary actions at the start of its","40 ft., fly 60 ft.","Arcana +12, History +12, Perception +8, Religion +8",7200
half-ogre,1,giant,Large,12,30,any chaotic alignment,,17,10,14,7,9,10,"Battleaxe. Melee Weapon Attack: +5 to hit, reach 5 ft., one target. Hit: 12 (2d8 + 3) slashing damage, or 14 (2d10 + 3) slashing damage if used with two hands.Javelin. Melee or Ranged Weapon Attack: +5 to hit, reach 5 ft. or range 30/120 ft., one target. Hit: 10 (2d6 + 3) piercing damage.Monster Manual (BR+)",30 ft.,,200
half-red-dragon-veteran,5,humanoid (human),Medium,18,65,any alignment,,16,13,14,10,11,10,"Multiattack. The veteran makes two longsword attacks. If it has a shortsword drawn, it can also make a shortsword attack.Longsword. Melee Weapon Attack: +5 to hit, reach 5 ft., one target. Hit: 7 (1d8 + 3) slashing damage, or 8 (1d10 + 3) slashing damage if used with two hands.Shortsword. Melee Weapon Attack: +5 to hit, reach 5 ft., one target. Hit: 6 (1d6 + 3) piercing damage.Heavy Crossbow. Rang",30 ft.,"Athletics +5, Perception +2",1800
harpy,1,monstrosity,Medium,11,38,chaotic evil,,12,13,12,7,10,13,"Multiattack. The harpy makes two attacks: one with its claws and one with its club.Claws. Melee Weapon Attack: +3 to hit, reach 5 ft., one target. Hit: 6 (2d4 + 1) slashing damage.Club. Melee Weapon Attack: +3 to hit, reach 5 ft., one target. Hit: 3 (1d4 + 1) bludgeoning damage.Luring Song. The harpy sings a magical melody. Every humanoid and giant within 300 feet of the harpy that can hear the so","20 ft., fly 40 ft.",,200
hawk,0,beast,Tiny,13,1,unaligned,,5,16,8,2,14,6,,"10 ft., fly 60 ft.",Perception +4,10
hell-hound,3,fiend,Medium,15,45,lawful evil,,17,12,14,6,13,6,"Bite. Melee Weapon Attack: +5 to hit, reach 5 ft., one target. Hit: 7 (1d8 + 3) piercing damage plus 7 (2d6) fire damage.Fire Breath (Recharge 5-6). The hound exhales fire in a 15-foot cone. Each creature in that area must make a DC 12 Dexterity saving throw, taking 21 (6d6) fire damage on a failed save, or half as much damage on a successful one.Fire-breathing fiends that take the form of powerfu",50 ft.,Perception +5,700
helmed-horror,4,construct,Medium,20,60,neutral,,18,13,16,10,10,10,"Multiattack. The helmed horror makes two longsword attacks.Longsword. Melee Weapon Attack: +6 to hit, reach 5 ft., one target. Hit: 8 (1d8 + 4) slashing damage, or 9 (1d10 + 4) slashing damage if used with two hands.Monster Manual (BR+)","30 ft., fly 30 ft.",Perception +4,1100
hezrou,8,fiend (demon),Large,16,136,chaotic evil,,19,17,20,5,12,13,"Multiattack. The hezrou makes three attacks: one with its bite and two with its claws.Bite. Melee Weapon Attack: +7 to hit, reach 5 ft., one target. Hit: 15 (2d10 + 4) piercing damage.Claw. Melee Weapon Attack: +7 to hit, reach 5 ft., one target. Hit: 11 (2d6 + 4) slashing damage.Monster Manual (SRD)",30 ft.,,3900
hill-giant,5,giant,Huge,13,105,chaotic evil,,21,8,19,5,9,6,"Multiattack. The giant makes two greatclub attacks.Greatclub. Melee Weapon Attack: +8 to hit, reach 10 ft., one target. Hit: 18 (3d8 + 5) bludgeoning damage.Rock. Ranged Weapon Attack: +8 to hit, range 60/240 ft., one target. Hit: 21 (3d10 + 5) bludgeoning damage.Hill giants are selfish, dimwitted brutes that hunt and raid in constant search of food. Their skins are tan from lives spent beneath th",40 ft.,Perception +2,1800
hippogriff,1,monstrosity,Large,11,19,unaligned,,17,13,13,2,12,8,"Multiattack. The hippogriff makes two attacks: one with its beak and one with its claws.Beak. Melee Weapon Attack: +5 to hit, reach 5 ft., one target. Hit: 8 (1d10 + 3) piercing damage.Claws. Melee Weapon Attack: +5 to hit, reach 5 ft., one target. Hit: 10 (2d6 + 3) slashing damage.A hippogriff is a magical creature possessing the wings and forelimbs of an eagle, the hindquarters of a horse, and a","40 ft., fly 60 ft.",Perception +5,200
reef-manta-ray,1,beast,Large,12,16,unaligned,,13,12,12,1,12,4,,"0 ft., swim 40 ft.",,100
hobgoblin-captain,3,humanoid (goblinoid),Medium,17,39,lawful evil,,15,14,14,12,10,13,"Multiattack. The hobgoblin makes two greatsword attacks.Greatsword. Melee Weapon Attack: +4 to hit, reach 5 ft., one target. Hit: 9 (2d6 + 2) piercing damage.Javelin. Melee or Ranged Weapon Attack: +4 to hit, reach 5 ft. or range 30/120 ft., one target. Hit: 5 (1d6 + 2) piercing damage.Leadership (Recharges after a Short or Long Rest). For 1 minute, the hobgoblin can utter a special command or war",30 ft.,,700
hobgoblin-iron-shadow,2,humanoid (goblinoid),Medium,15,32,lawful evil,,14,16,15,14,15,11,"Multiattack. The hobgoblin makes four attacks, each of which can be an Unarmed Strike or a Dart attack. It can also use Shadow Jaunt once, either before or after one of the attacks.Unarmed Strike. Melee Weapon Attack: +5 to hit, reach 5 ft., one target. Hit: 5 (1d4 + 3) bludgeoning damage.Dart. Ranged Weapon Attack: +5 to hit, range 20/60 ft., one target. Hit: 5 (1d4 + 3) piercing damage.Shadow Ja",40 ft.,"Acrobatics +5, Athletics +4, Stealth +5",450
homunculus,0,construct,Tiny,13,5,neutral,,4,15,11,10,10,7,"Bite. Melee Weapon Attack: +4 to hit, reach 5 ft., one creature. Hit: 1 piercing damage, and the target must succeed on a DC 10 Constitution saving throw or be poisoned for 1 minute. If the saving throw fails by 5 or more, the target is instead poisoned for 5 (1d10) minutes and unconscious while poisoned in this way.Monster Manual (SRD)","20 ft., fly 40 ft.",,10
hook-horror,3,monstrosity,Large,15,75,neutral,,18,10,15,6,12,7,"Multiattack. The hook horror makes two hook attacks.Hook. Melee Weapon Attack: +6 to hit, reach 10 ft., one target. Hit: 11 (2d6 + 4) piercing damage.Monster Manual (BR+)","30 ft., climb 30 ft.",Perception +3,700
horned-devil,11,fiend (devil),Large,18,178,lawful evil,,22,17,21,12,16,17,"Multiattack. The devil makes three melee attacks: two with its fork and one with its tail. It can use Hurl Flame in place of any melee attack.Fork. Melee Weapon Attack: +10 to hit, reach 10 ft., one target. Hit: 15 (2d8 + 6) piercing damage.Tail. Melee Weapon Attack: +10 to hit, reach 10 ft., one target. Hit: 10 (1d8 + 6) piercing damage. If the target is a creature other than an undead or a const","20 ft., fly 60 ft.",,7200
hunter-shark,2,beast,Large,12,45,unaligned,,18,13,15,1,10,4,"Bite. Melee Weapon Attack: +6 to hit, reach 5 ft., one target. Hit: 13 (2d8 + 4) piercing damage.A hunter shark is 15 to 20 feet long, and usually hunts alone in deep waters.Monster Manual (SRD)","0 ft., swim 40 ft.",Perception +2,450
hydra,8,monstrosity,Huge,15,172,unaligned,,20,12,20,2,10,7,"Multiattack. The hydra makes as many bite attacks as it has heads.Bite. Melee Weapon Attack: +8 to hit, reach 10 ft., one target. Hit: 10 (1d10 + 5) piercing damage.The hydra is a reptilian horror with a crocodilian body and multiple heads on long, serpentine necks. Although its heads can be severed, the hydra magically regrows them in short order.Monster Manual (SRD)","30 ft., swim 30 ft.",Perception +6,3900
hyena,0,beast,Medium,11,5,unaligned,,11,13,12,2,12,5,"Bite. Melee Weapon Attack: +2 to hit, reach 5 ft., one target. Hit: 3 (1d6) piercing damage.Monster Manual (SRD)",50 ft.,Perception +3,10
ice-devil,14,fiend (devil),Large,18,180,lawful evil,,21,14,18,18,15,18,"Multiattack. The devil makes three attacks: one with its bite, one with its claws, and one with its tail.Bite. Melee Weapon Attack: +10 to hit, reach 5 ft., one target. Hit: 12 (2d6 + 5) piercing damage plus 10 (3d6) cold damage.Claws. Melee Weapon Attack: +10 to hit, reach 5 ft., one target. Hit: 10 (2d4 + 5) slashing damage plus 10 (3d6) cold damage.Tail. Melee Weapon Attack: +10 to hit, reach 1",40 ft.,,11500
scout,1,humanoid (any race),Medium,13,16,any alignment,,11,14,12,11,13,11,"Multiattack. The scout makes two melee attacks or two ranged attacks.Shortsword. Melee Weapon Attack: +4 to hit, reach 5 ft., one target. Hit: 5 (1d6 + 2) piercing damage.Longbow. Ranged Weapon Attack: +4 to hit, range 150/600 ft., one target. Hit: 6 (1d8 + 2) piercing damage.Scouts are skilled hunters and trackers who offer their services for a fee. Most hunt wild game, but a few work as bounty h",30 ft.,"Nature +4, Perception +5, Stealth +6, Survival +5",100
imp,1,"fiend (devil, shapechanger)",Tiny,13,10,lawful evil,,6,17,13,11,12,14,"Sting (Bite in Beast Form). Melee Weapon Attack: +5 to hit, reach 5 ft., one target. Hit: 5 (1d4 + 3) piercing damage, and the target must make on a DC 11 Constitution saving throw, taking 10 (3d6) poison damage on a failed save, or half as much damage on a successful one.Invisibility. The imp magically turns invisible until it attacks or until its concentration ends (as if concentrating on a spel","20 ft., fly 40 ft.","Deception +4, Insight +3, Persuasion +4, Stealth +5",200
invisible-stalker,6,elemental,Medium,14,104,neutral,,16,19,14,10,15,11,"Multiattack. The stalker makes two slam attacks.Slam. Melee Weapon Attack: +6 to hit, reach 5 ft., one target. Hit: 10 (2d6 + 3) bludgeoning damage.Monster Manual (SRD)","50 ft., fly 50 ft. (hover)","Perception +8, Stealth +10",2300
iron-golem,16,construct,Large,20,210,unaligned,,24,9,20,3,11,1,"Multiattack. The golem makes two melee attacks.Slam. Melee Weapon Attack: +13 to hit, reach 5 ft., one target. Hit: 20 (3d8 + 7) bludgeoning damage.Sword. Melee Weapon Attack: +13 to hit, reach 10 ft., one target. Hit: 23 (3d10 + 7) slashing damage.Poison Breath (Recharge 6). The golem exhales poisonous gas in a 15-foot cone. Each creature in that area must make a DC 19 Constitution saving throw, ",30 ft.,,15000
jackal,0,beast,Small,12,3,unaligned,,8,15,11,3,12,6,"Bite. Melee Weapon Attack: +1 to hit, reach 5 ft., one target. Hit: 1 (1d4 - 1) piercing damage.Monster Manual (SRD)",40 ft.,Perception +3,10
shadow,1,undead,Medium,12,16,chaotic evil,,6,14,13,6,10,8,"Strength Drain. Melee Weapon Attack: +4 to hit, reach 5 ft., one creature. Hit: 9 (2d6 + 2) necrotic damage, and the target's Strength score is reduced by 1d4. The target dies if this reduces its Strength to 0. Otherwise, the reduction lasts until the target finishes a short or long rest. If a non-evil humanoid dies from this attack, a new shadow rises from the corpse 1d4 hours later.Monster Manua",40 ft.,Stealth +4 (+6 in dim light or darkness),100
camel,1,beast,Large,9,15,unaligned,,16,8,14,2,8,5,"Bite. Melee Weapon Attack: +5 to hit, reach 5 ft., one target. Hit: 2 (1d4) bludgeoning damage.Monster Manual (SRD)",50 ft.,,25
killer-whale,3,beast,Huge,12,90,unaligned,,19,10,13,3,12,7,"Bite. Melee Weapon Attack: +6 to hit, reach 5 ft., one target. Hit: 21 (5d6 + 4) piercing damage.Monster Manual (SRD)","0 ft., swim 60 ft.",Perception +3,700
knight,3,humanoid (any race),Medium,18,52,any alignment,,16,11,14,11,11,15,"Multiattack. The knight makes two melee attacks.Greatsword. Melee Weapon Attack: +5 to hit, reach 5 ft., one target. Hit: 10 (2d6 + 3) slashing damage.Heavy Crossbow. Ranged Weapon Attack: +2 to hit, range 100/400 ft., one target. Hit: 5 (1d10) piercing damage.Leadership (Recharges after a Short or Long Rest). For 1 minute, the knight can utter a special command or warning whenever a nonhostile cr",30 ft.,,700
cow,1,beast,Large,10,15,unaligned,,18,10,14,2,10,4,,,,
orc,1,humanoid (orc),Medium,13,15,chaotic evil,,16,12,16,7,11,10,"Greataxe. Melee Weapon Attack: +5 to hit, reach 5 ft., one target. Hit: 9 (1d12 + 3) slashing damage.Javelin. Melee or Ranged Weapon Attack: +5 to hit, reach 5 ft. or range 30/120 ft., one target. Hit: 6 (1d6 + 3) piercing damage.Orcs are savage humanoids with stooped postures, piggish faces, and prominent teeth that resemble tusks. They gather in tribes that satisfy their bloodlust by slaying any",30 ft.,Intimidation +2,100
kraken,23,monstrosity (titan),Gargantuan,18,472,chaotic evil,Legendary,30,11,25,22,18,20,"Multiattack. The kraken makes three tentacle attacks, each of which it can replace with one use of Fling.Bite. Melee Weapon Attack: +17 to hit, reach 5 ft., one target. Hit: 23 (3d8 + 10) piercing damage. If the target is a Large or smaller creature grappled by the kraken, that creature is swallowed, and the grapple ends. While swallowed, the creature is blinded and restrained, it has total cover ","20 ft., swim 60 ft.",,50000
aarakocra,1,humanoid (aarakocra),Medium,12,13,neutral good,,10,14,10,11,12,11,,"20 ft., fly 50 ft.",Perception +5,50
kuo-toa-archpriest,6,humanoid (kuo-toa),Medium,13,97,neutral evil,,16,14,16,13,16,14,"Multiattack. The kuo-toa makes two melee attacks.Scepter. Melee Weapon Attack: +6 to hit, reach 5 ft., one target. Hit: 6 (1d6 + 3) bludgeoning damage plus 14 (4d6) lightning damage.Unarmed Strike. Melee Weapon Attack: +6 to hit, reach 5 ft., one target. Hit: 5 (1d4 + 3) bludgeoning damage.Monster Manual (BR+)","30 ft., swim 30 ft.","Perception +9, Religion +6",2300
kuo-toa-whip,1,humanoid (kuo-toa),Medium,11,65,neutral evil,,14,10,14,12,14,11,"Multiattack. The kuo-toa makes two attacks: one with its bite and one with its pincer staff.Bite. Melee Weapon Attack: +4 to hit, reach 5 ft., one target. Hit: 4 (1d4 + 2) piercing damage.Pincer Staff. Melee Weapon Attack: +4 to hit, reach 10 ft., one target. Hit: 5 (1d6 + 2) piercing damage. If the target is a Medium or smaller creature, it is grappled (escape DC 14). Until this grapple ends, the","30 ft., swim 30 ft.","Perception +6, Religion +4",200
lamia,4,monstrosity,Large,13,97,chaotic evil,,16,13,15,14,15,16,"Multiattack. The lamia makes two attacks: one with its claws and one with its dagger or Intoxicating Touch.Claws. Melee Weapon Attack: +5 to hit, reach 5 ft., one target. Hit: 14 (2d10 + 3) slashing damage.Dagger. Melee Weapon Attack: +5 to hit, reach 5 ft., one target. Hit: 5 (1d4 + 3) piercing damage.Intoxicating Touch. Melee Spell Attack: +5 to hit, reach 5 ft., one creature. Hit: The target is",30 ft.,"Deception +7, Insight +4, Stealth +3",1100
lemure,0,fiend (devil),Medium,7,13,lawful evil,,10,5,11,1,11,3,"Fist. Melee Weapon Attack: +3 to hit, reach 5 ft., one target. Hit: 2 (1d4) bludgeoning damage.Monster Manual (SRD)",15 ft.,,10
lich,21,undead,Medium,17,135,any evil alignment,Legendary,11,16,16,20,14,16,"Paralyzing Touch. Melee Spell Attack: +12 to hit, reach 5 ft., one creature. Hit: 10 (3d6) cold damage. The target must succeed on a DC 18 Constitution saving throw or be paralyzed for 1 minute. The target can repeat the saving throw at the end of each of its turns, ending the effect on itself on a success.Legendary actionsThe lich can take 3 legendary actions, choosing from the options below. Onl",30 ft.,"Arcana +19, History +12, Insight +9, Perception +9",33000
lion,1,beast,Large,12,26,unaligned,,17,15,13,3,12,8,"Bite. Melee Weapon Attack: +5 to hit, reach 5 ft., one target. Hit: 7 (1d8 + 3) piercing damage.Claw. Melee Weapon Attack: +5 to hit, reach 5 ft., one target. Hit: 6 (1d6 + 3) slashing damage.Monster Manual (SRD)",50 ft.,"Perception +3, Stealth +6",200
lizard,0,beast,Tiny,10,2,unaligned,,2,11,10,1,8,3,"Bite. Melee Weapon Attack: +0 to hit, reach 5 ft., one target. Hit: 1 piercing damage.Monster Manual (SRD)","20 ft., climb 20 ft.",,10
lizard-king-queen,4,humanoid (lizardfolk),Medium,15,78,chaotic evil,,17,12,15,11,11,15,"Multiattack. The lizardfolk makes two attacks: one with its bite and one with its claws or trident or two melee attacks with its trident.Bite. Melee Weapon Attack: +5 to hit, reach 5 ft., one target. Hit: 6 (1d6 + 3) piercing damage.Claws. Melee Weapon Attack: +5 to hit, reach 5 ft., one target. Hit: 5 (1d4 + 3) slashing damage.Trident. Melee or Ranged Weapon Attack: +5 to hit, reach 5 ft. or rang","30 ft., swim 30 ft.","Perception +4, Stealth +5, Survival +4",1100
constrictor-snake,1,beast,Large,12,13,unaligned,,15,14,12,1,10,3,"Bite. Melee Weapon Attack: +4 to hit, reach 5 ft., one creature. Hit: 5 (1d6 + 2) piercing damage.Constrict. Melee Weapon Attack: +4 to hit, reach 5 ft., one creature. Hit: 6 (1d8 + 2) bludgeoning damage, and the target is grappled (escape DC 14). Until this grapple ends, the creature is restrained, and the snake can't constrict another target.Monster Manual (SRD)","30 ft., swim 30 ft.",,50
lizardfolk-shaman,2,humanoid (lizardfolk),Medium,13,27,neutral,,15,10,13,10,15,8,"Multiattack (Lizardfolk Form Only). The lizardfolk makes two attacks: one with its bite and one with its claws.Bite. Melee Weapon Attack: +4 to hit, reach 5 ft., one target. Hit: 5 (1d6 + 2) piercing damage, or 7 (1d10 + 2) piercing damage in crocodile form. If the lizardfolk is in crocodile form and the target is a Large or smaller creature, the target is grappled (escape DC 12). Until this grapp","30 ft., swim 30 ft.","Perception +4, Stealth +4, Survival +6",450
mage,6,humanoid (any race),Medium,12,40,any alignment,,9,14,11,17,12,11,"Dagger. Melee or Ranged Weapon Attack: +5 to hit, reach 5 ft. or range 20/60 ft., one target. Hit: 4 (1d4 + 2) piercing damage.Mages spend their lives in the study and practice of magic. Good-aligned mages offer counsel to nobles and others in power, while evil mages dwell in isolated sites to perform unspeakable experiments without interference.Monster Manual (SRD)",30 ft.,"Arcana +6, History +6",2300
drow,1,humanoid (elf),Medium,15,13,neutral evil,,10,14,10,11,11,12,"Shortsword. Melee Weapon Attack: +4 to hit, reach 5 ft., one target. Hit: 5 (1d6 + 2) piercing damage.Hand Crossbow. Ranged Weapon Attack: +4 to hit, range 30/120 ft., one target. Hit: 5 (1d6 + 2) piercing damage, and the target must succeed on a DC 13 Constitution saving throw or be poisoned for 1 hour. If the saving throw fails by 5 or more, the target is also unconscious while poisoned in this ",30 ft.,"Perception +2, Stealth +4",50
mammoth,6,beast,Huge,13,126,unaligned,,24,9,21,3,11,6,"Gore. Melee Weapon Attack: +10 to hit, reach 10 ft., one target. Hit: 25 (4d8 + 7) piercing damage.Stomp. Melee Weapon Attack: +10 to hit, reach 5 ft., one prone creature. Hit: 29 (4d10 + 7) bludgeoning damage.A mammoth is an elephantine creature with thick fur and long tusks.Monster Manual (SRD)",40 ft.,,2300
elk,1,beast,Large,10,13,unaligned,,16,10,12,2,10,6,,50 ft.,,50
manticore,3,monstrosity,Large,14,68,lawful evil,,17,16,17,7,12,8,"Multiattack. The manticore makes three attacks: one with its bite and two with its claws or three with its tail spikes.Bite. Melee Weapon Attack: +5 to hit, reach 5 ft., one target. Hit: 7 (1d8 + 3) piercing damage.Claw. Melee Weapon Attack: +5 to hit, reach 5 ft., one target. Hit: 6 (1d6 + 3) slashing damage.Tail Spike. Ranged Weapon Attack: +5 to hit, range 100/200 ft., one target. Hit: 7 (1d8 +","30 ft., fly 50 ft.",,700
marilith,16,fiend (demon),Large,18,189,chaotic evil,,18,20,20,18,16,20,"Multiattack. The marilith makes seven attacks: six with its longswords and one with its tail.Longsword. Melee Weapon Attack: +9 to hit, reach 5 ft., one target. Hit: 13 (2d8 + 4) slashing damage.Tail. Melee Weapon Attack: +9 to hit, reach 10 ft., one creature. Hit: 15 (2d10 + 4) bludgeoning damage. If the target is Medium or smaller, it is grappled (escape DC 19). Until this grapple ends, the targ",40 ft.,,15000
medusa,6,monstrosity,Medium,15,127,lawful evil,,10,15,16,12,13,15,"Multiattack. The medusa makes either three melee attacks -one with its snake hair and two with its shortsword- or two ranged attacks with its longbow.Snake Hair. Melee Weapon Attack: +5 to hit, reach 5 ft., one creature. Hit: 4 (1d4 + 2) piercing damage plus 14 (4d6) poison damage.Shortsword. Melee Weapon Attack: +5 to hit, reach 5 ft., one target. Hit: 5 (1d6 + 2) piercing damage.Longbow. Ranged ",30 ft.,"Deception +5, Insight +4, Perception +4, Stealth +5",2300
giant-badger,1,beast,Medium,10,13,unaligned,,13,10,15,2,12,5,"Multiattack. The badger makes two attacks: one with its bite and one with its claws.Bite. Melee Weapon Attack: +3 to hit, reach 5 ft., one target. Hit: 4 (1d6 + 1) piercing damage.Claws. Melee Weapon Attack: +3 to hit, reach 5 ft., one target. Hit: 6 (2d4 + 1) slashing damage.Monster Manual (SRD)","30 ft., burrow 10 ft.",,50
merrow,2,monstrosity,Large,13,45,chaotic evil,,18,10,15,8,10,9,"Multiattack. The merrow makes two attacks: one with its bite and one with its claws or harpoon.Bite. Melee Weapon Attack: +6 to hit, reach 5 ft., one target. Hit: 8 (1d8 + 4) piercing damage.Claws. Melee Weapon Attack: +6 to hit, reach 5 ft., one target. Hit: 9 (2d4 + 4) slashing damage.Harpoon. Melee or Ranged Weapon Attack: +6 to hit, reach 5 ft. or range 20/60 ft., one target. Hit: 11 (2d6 + 4)","10 ft., swim 40 ft.",,450
mezzoloth,5,fiend (yugoloth),Medium,18,75,neutral evil,,18,11,16,7,10,11,"Multiattack. The mezzoloth makes two attacks: one with its claws and one with its trident.Claws. Melee Weapon Attack: +7 to hit, reach 5 ft., one target. Hit: 9 (2d4 + 4) slashing damage.Trident. Melee or Ranged Weapon Attack: +7 to hit, reach 5 ft. or range 20/60 ft., one target. Hit: 7 (1d6 + 4) piercing damage, or 8 (1d8 + 4) piercing damage when held with two claws and used to make a melee att",40 ft.,Perception +3,1800
mimic,2,monstrosity (shapechanger),Medium,12,58,neutral,,17,12,15,5,13,8,"Pseudopod. Melee Weapon Attack: +5 to hit, reach 5 ft., one target. Hit: 7 (1d8 + 3) bludgeoning damage. If the mimic is in object form, the target is subjected to its Adhesive trait.Bite. Melee Weapon Attack: +5 to hit, reach 5 ft., one target. Hit: 7 (1d8 + 3) piercing damage plus 4 (1d8) acid damage.Monster Manual (SRD)",15 ft.,Stealth +5,450
mindwitness,5,aberration,Large,15,75,lawful evil,,10,14,14,15,15,10,Multiattack.Bite.Tentacles.Eye Ray.Monsters of the Multiverse,"0 ft., fly 20 ft. (hover)",Perception +8,1800
minotaur,3,monstrosity,Large,14,76,chaotic evil,,18,11,16,6,16,9,"Greataxe. Melee Weapon Attack: +6 to hit, reach 5 ft., one target. Hit: 17 (2d12 + 4) slashing damage.Gore. Melee Weapon Attack: +6 to hit, reach 5 ft., one target. Hit: 13 (2d8 + 4) piercing damage.Their fur stained with the blood of fallen foes, minotaurs are massive, bull-headed humanoids whose roar is a savage battle cry that all civilized creatures fear.Monster Manual (SRD)",40 ft.,Perception +7,700
minotaur-skeleton,2,undead,Large,12,67,lawful evil,,18,11,15,6,8,5,"Greataxe. Melee Weapon Attack: +6 to hit, reach 5 ft., one target. Hit: 17 (2d12 + 4) slashing damage.Gore. Melee Weapon Attack: +6 to hit, reach 5 ft., one target. Hit: 13 (2d8 + 4) piercing damage.Monster Manual (SRD)",40 ft.,,450
giant-crab,1,beast,Medium,15,13,unaligned,,13,15,11,1,9,3,"Claw. Melee Weapon Attack: +3 to hit, reach 5 ft., one target. Hit: 4 (1d6 + 1) bludgeoning damage, and the target is grappled (escape DC 11). The crab has two claws, each of which can grapple only one target.Monster Manual (SRD)","30 ft., swim 30 ft.",Stealth +4,25
giant-wasp,1,beast,Medium,12,13,unaligned,,10,14,10,1,10,3,"Sting. Melee Weapon Attack: +4 to hit, reach 5 ft., one creature. Hit: 5 (1d6 + 2) piercing damage, and the target must make a DC 11 Constitution saving throw, taking 10 (3d6) poison damage on a failed save, or half as much damage on a successful one. If the poison damage reduces the target to 0 hit points, the target is stable but poisoned for 1 hour, even after regaining hit points, and is paral","10 ft., fly 50 ft.",,100
kenku,1,humanoid (kenku),Medium,13,13,chaotic neutral,,10,16,10,11,10,10,"Shortsword. Melee Weapon Attack: +5 to hit, reach 5 ft., one target. Hit: 6 (1d6 + 3) piercing damage.Shortbow. Ranged Weapon Attack: +5 to hit, range 80/320 ft., one target. Hit: 6 (1d6 + 3) piercing damage.Monster Manual (BR+)",30 ft.,"Deception +4, Perception +2, Stealth +5",50
kobold-inventor,1,humanoid (kobold),Small,12,13,lawful evil,,7,15,12,8,7,8,"Dagger. Melee or Ranged Weapon Attack: +4 to hit, reach 5 ft. or range 20/60 ft., one target. Hit: 4 (1d4 + 2) piercing damage.Sling. Ranged Weapon Attack: +4 to hit, range 30/120 ft., one target. Hit: 4 (1d4 + 2) bludgeoning damage.Weapon Invention. The kobold uses one of the following options (choose one or roll a d8); the kobold can use each one no more than once per day: 1- Acid. The kobold hu",30 ft.,,50
mummy,3,undead,Medium,11,58,lawful evil,,16,8,15,6,10,12,"Multiattack. The mummy can use its Dreadful Glare and makes one attack with its rotting fist.Rotting Fist. Melee Weapon Attack: +5 to hit, reach 5 ft., one target. Hit: 10 (2d6 + 3) bludgeoning damage plus 10 (3d6) necrotic damage. If the target is a creature, it must succeed on a DC 12 Constitution saving throw or be cursed with mummy rot. The cursed target can't regain hit points, and its hit po",20 ft.,,700
mummy-lord,15,undead,Medium,17,97,lawful evil,Legendary,18,10,17,11,18,16,"Multiattack. The mummy can use its Dreadful Glare and makes one attack with its rotting fist.Rotting Fist. Melee Weapon Attack: +9 to hit, reach 5 ft., one target. Hit: 14 (3d6 + 4) bludgeoning damage plus 21 (6d6) necrotic damage. If the target is a creature, it must succeed on a DC 16 Constitution saving throw or be cursed with mummy rot. The cursed target can't regain hit points, and its hit po",20 ft.,"History +5, Religion +5",13000
nalfeshnee,13,fiend (demon),Large,18,184,chaotic evil,,21,10,22,19,12,15,"Multiattack. The nalfeshnee uses Horror Nimbus if it can. It then makes three attacks: one with its bite and two with its claws.Bite. Melee Weapon Attack: +10 to hit, reach 5 ft., one target. Hit: 32 (5d10 + 5) piercing damage.Claw. Melee Weapon Attack: +10 to hit, reach 10 ft., one target. Hit: 15 (3d6 + 5) slashing damage.Horror Nimbus (Recharge 5-6). The nalfeshnee magically emits scintillating","20 ft., fly 30 ft.",,10000
narzugon,13,fiend (devil),Medium,20,112,lawful evil,,20,10,17,16,14,19,"Multiattack. The narzugon makes three Hellfire Lance attacks. It also uses Infernal Command or Terrifying Command.Hellfire Lance. Melee Weapon Attack: +10 to hit, reach 10 ft., one target. Hit: 11 (1d12 + 5) piercing damage plus 16 (3d10) fire damage. If this damage kills a creature with a soul, the soul rises from the River Styx as a lemure in Avernus in 1d4 hours. If the creature isn't revived b",30 ft.,Perception +12,10000
panther,1,beast,Medium,12,13,unaligned,,14,15,10,3,14,7,"Bite. Melee Weapon Attack: +4 to hit, reach 5 ft., one target. Hit: 5 (1d6 + 2) piercing damage.Claw. Melee Weapon Attack: +4 to hit, reach 5 ft., one target. Hit: 4 (1d4 + 2) slashing damage.Monster Manual (SRD)","50 ft., climb 40 ft.","Perception +4, Stealth +6",50
pteranodon,1,beast,Medium,13,13,unaligned,,12,15,10,2,9,5,"Bite. Melee Weapon Attack: +3 to hit, reach 5 ft., one target. Hit: 6 (2d4 + 1) piercing damage.These flying reptilian cousins to the dinosaurs have no teeth, instead using their sharp beaks to stab prey too large to swallow with one gulp.Monster Manual (BR)","10 ft., fly 60 ft.",Perception +1,50
riding-horse,1,beast,Large,10,13,unaligned,,16,10,12,2,11,7,"Hooves. Melee Weapon Attack: +5 to hit, reach 5 ft., one target. Hit: 8 (2d4 + 3) bludgeoning damage.Monster Manual (SRD)",60 ft.,,50
night-hag,5,fiend,Medium,17,112,neutral evil,,18,15,16,16,14,16,"Claws (Hag Form Only). Melee Weapon Attack: +7 to hit, reach 5 ft., one target. Hit: 13 (2d8 + 4) slashing damage.Change Shape. The hag magically polymorphs into a Small or Medium female humanoid, or back into her true form. Her statistics are the same in each form. Any equipment she is wearing or carrying isn't transformed. She reverts to her true form if she dies.Etherealness. The hag magically ",30 ft.,"Deception +7, Insight +6, Perception +6, Stealth +6",1800
nightmare,3,fiend,Large,13,68,neutral evil,,18,15,16,10,13,15,"Hooves. Melee Weapon Attack: +6 to hit, reach 5 ft., one target. Hit: 13 (2d8 + 4) bludgeoning damage plus 7 (2d6) fire damage.Ethereal Stride. The nightmare and up to three willing creatures within 5 feet of it magically enter the Ethereal Plane from the Material Plane, or vice versa.Monster Manual (SRD)","60 ft., fly 90 ft.",,700
nilbog,1,humanoid (goblinoid),Small,13,7,chaotic evil,,8,14,10,10,8,15,"Fool's Scepter. Melee Weapon Attack: +4 to hit, reach 5 ft., one target. Hit: 5 (1d6 + 2) bludgeoning damage.Mocking Word. The nilbog targets one creature it can see within 60 feet of it. The target must succeed on a DC 12 Wisdom saving throw or take 5 (2d4) psychic damage and have disadvantage on its next attack roll before the end of its next turn.Spellcasting. The nilbog casts one of the follow",30 ft.,Stealth +6,200
skeleton,1,undead,Medium,13,13,lawful evil,,10,14,15,6,8,5,"Shortsword. Melee Weapon Attack: +4 to hit, reach 5 ft., one target. Hit: 5 (1d6 + 2) piercing damage.Shortbow. Ranged Weapon Attack: +4 to hit, range 80/320 ft., one target. Hit: 5 (1d6 + 2) piercing damage.Monster Manual (SRD)",30 ft.,,50
nothic,2,aberration,Medium,15,45,neutral evil,,14,16,16,13,10,8,"Multiattack. The nothic makes two claw attacks.Claw. Melee Weapon Attack: +4 to hit, reach 5 ft., one target. Hit: 6 (1d6 + 3) slashing damage.Rotting Gaze. The nothic targets one creature it can see within 30 feet of it. The target must succeed on a DC 12 Constitution saving throw against this magic or take 10 (3d6) necrotic damage.Weird Insight. The nothic targets one creature it can see within ",30 ft.,"Arcana +3, Insight +4, Perception +2, Stealth +5",450
troglodyte,1,humanoid (troglodyte),Medium,11,13,chaotic evil,,14,10,14,6,10,6,"Multiattack. The troglodyte makes three attacks: one with its bite and two with its claws.Bite. Melee Weapon Attack: +4 to hit, reach 5 ft., one target. Hit: 4 (1d4 + 2) piercing damage.Claw. Melee Weapon Attack: +4 to hit, reach 5 ft., one target. Hit: 4 (1d4 + 2) slashing damage.Monster Manual (BR+)",30 ft.,Stealth +2,50
nycaloth,9,fiend (yugoloth),Large,18,123,neutral evil,,20,11,19,12,10,15,"Multiattack. The nycaloth makes two melee attacks, or it makes one melee attack and teleports before or after the attack.Claw. Melee Weapon Attack: +9 to hit, reach 5 ft., one target. Hit: 12 (2d6 + 5) slashing damage. If the target is a creature, it must succeed on a DC 16 Constitution saving throw or take 5 (2d4) slashing damage at the start of each of its turns due to a fiendish wound. Each tim","40 ft., fly 60 ft.","Intimidation +6, Perception +4, Stealth +4",5000
bandit,1,humanoid (any race),Medium,12,11,any non-lawful alignment,,11,12,12,10,10,10,"Scimitar. Melee Weapon Attack: +3 to hit, reach 5 ft., one target. Hit: 4 (1d6 + 1) slashing damage.Light Crossbow. Ranged Weapon Attack: +3 to hit, range 80 ft./320 ft., one target. Hit: 5 (1d8 + 1) piercing damage.Bandits rove in gangs and are sometimes led by thugs, veterans, or spellcasters. Not all bandits are evil. Oppression, drought, disease, or famine can often drive otherwise honest folk",30 ft.,,25
ochre-jelly,2,ooze,Large,8,45,unaligned,,15,6,14,2,6,1,"Pseudopod. Melee Weapon Attack: +4 to hit, reach 5 ft., one target. Hit: 9 (2d6 + 2) bludgeoning damage plus 3 (1d6) acid damage.ReactionsSplit. When a jelly that is Medium or larger is subjected to lightning or slashing damage, it splits into two new jellies if it has at least 10 hit points. Each new jelly has hit points equal to half the original jelly's, rounded down. New jellies are one size s","10 ft., climb 10 ft.",,450
octopus,0,beast,Small,12,3,unaligned,,4,15,11,3,10,4,,"5 ft., swim 30 ft.","Perception +2, Stealth +4",10
ogre,2,giant,Large,11,59,chaotic evil,,19,8,16,5,7,7,"Greatclub. Melee Weapon Attack: +6 to hit, reach 5 ft., one target. Hit: 13 (2d8 + 4) bludgeoning damage.Javelin. Melee or Ranged Weapon Attack: +6 to hit, reach 5 ft. or range 30/120 ft., one target. Hit: 11 (2d6 + 4) piercing damage.Ogres are hulking giants notorious for their quick tempers. When its rage is incited, an ogre lashes out in a frustrated tantrum until it runs out of objects or crea",40 ft.,,450
ogre-zombie,2,undead,Large,8,85,neutral evil,,19,6,18,3,6,5,"Morningstar. Melee Weapon Attack: +6 to hit, reach 5 ft., one target. Hit: 13 (2d8 + 4) bludgeoning damage.Monster Manual (SRD)",30 ft.,,450
oni,7,giant,Large,16,110,lawful evil,,19,11,16,14,12,15,"Multiattack. The oni makes two attacks, either with its claws or its glaive.Claw (Oni Form Only). Melee Weapon Attack: +7 to hit, reach 5 ft., one target. Hit: 8 (1d8 + 4) slashing damage.Glaive. Melee Weapon Attack: +7 to hit, reach 10 ft., one target. Hit: 15 (2d10 + 4) slashing damage, or 9 (1d10 + 4) slashing damage in Small or Medium form.Change Shape. The oni magically polymorphs into a Smal","30 ft., fly 30 ft.","Arcana +5, Deception +8, Perception +4",2900
boar,1,beast,Medium,11,11,unaligned,,13,11,12,2,9,5,,40 ft.,,50
orc-eye-of-gruumsh,2,humanoid (orc),Medium,16,45,chaotic evil,,16,12,16,9,13,12,"Spear. Melee or Ranged Weapon Attack: +5 to hit, reach 5 ft. or range 20/60 ft., one target. Hit: 11 (1d6 + 3 plus 1d8) piercing damage, or 12 (2d8 + 3) piercing damage if used with two hands to make a melee attack.Monster Manual (BR+)",30 ft.,"Intimidation +3, Religion +1",450
orog,2,humanoid (orc),Medium,18,42,chaotic evil,,18,12,18,12,11,12,"Multiattack. The orog makes two greataxe attacks.Greataxe. Melee Weapon Attack: +6 to hit, reach 5 ft., one target. Hit: 10 (1d12 + 4) slashing damage.Javelin. Melee or Ranged Weapon Attack: +6 to hit, reach 5 ft. or range 30/120 ft., one target. Hit: 7 (1d6 + 4) piercing damage.Monster Manual (BR+)",30 ft.,"Intimidation +5, Survival +2",450
otyugh,5,aberration,Large,14,114,neutral,,16,11,19,6,13,6,"Multiattack. The otyugh makes three attacks: one with its bite and two with its tentacles.Bite. Melee Weapon Attack: +6 to hit, reach 5 ft., one target. Hit: 12 (2d8 + 3) piercing damage. If the target is a creature, it must succeed on a DC 15 Constitution saving throw against disease or become poisoned until the disease is cured. Every 24 hours that elapse, the target must repeat the saving throw",30 ft.,,1800
owl,0,beast,Tiny,11,1,unaligned,,3,13,8,2,12,7,,"5 ft., fly 60 ft.","Perception +3, Stealth +3",10
owlbear,3,monstrosity,Large,13,59,unaligned,,20,12,17,3,12,7,"Multiattack. The owlbear makes two attacks: one with its beak and one with its claws.Beak. Melee Weapon Attack: +7 to hit, reach 5 ft., one creature. Hit: 10 (1d10 + 5) piercing damage.Claws. Melee Weapon Attack: +7 to hit, reach 5 ft., one target. Hit: 14 (2d8 + 5) slashing damage.A monstrous cross between giant owl and bear, an owlbear's reputation for ferocity and aggression makes it one of the",40 ft.,Perception +3,700
bullywug,1,humanoid (bullywug),Medium,15,11,neutral evil,,12,12,13,7,10,7,"Multiattack. The bullywug makes two melee attacks: one with its bite and one with its spear.Bite. Melee Weapon Attack: +3 to hit, reach 5 ft., one target. Hit: 3 (1d4 + 1) bludgeoning damage.Spear. Melee or Ranged Weapon Attack: +3 to hit, reach 5 ft. or range 20/60 ft., one target. Hit: 4 (1d6 + 1) piercing damage, or 5 (1d8 + 1) piercing damage if used with two hands to make a melee attack.Monst","20 ft., swim 40 ft.",Stealth +3,50
pegasus,2,celestial,Large,12,59,chaotic good,,18,15,16,10,15,13,"Hooves. Melee Weapon Attack: +6 to hit, reach 5 ft., one target. Hit: 11 (2d6 + 4) bludgeoning damage.The white winged horses known as pegasi soar through the skies, a vision of grace and majesty.Monster Manual (SRD)","60 ft., fly 90 ft.",Perception +6,450
peryton,2,monstrosity,Medium,13,33,chaotic evil,,16,12,13,9,12,10,"Multiattack. The peryton makes one gore attack and one talon attack.Gore. Melee Weapon Attack: +5 to hit, reach 5 ft., one target. Hit: 7 (1d8 + 3) piercing damage.Talons. Melee Weapon Attack: +5 to hit, reach 5 ft., one target. Hit: 8 (2d4 + 3) piercing damage.Monster Manual (BR+)","20 ft., fly 60 ft.",Perception +5,450
phase-spider,3,monstrosity,Large,13,32,unaligned,,15,15,12,6,10,6,"Bite. Melee Weapon Attack: +4 to hit, reach 5 ft., one creature. Hit: 7 (1d10 + 2) piercing damage, and the target must make a DC 11 Constitution saving throw, taking 18 (4d8) poison damage on a failed save, or half as much damage on a successful one. If the poison damage reduces the target to 0 hit points, the target is stable but poisoned for 1 hour, even after regaining hit points, and is paral","30 ft., climb 30 ft.",Stealth +6,700
dolphin,1,beast,Medium,12,11,unaligned,,14,13,13,6,12,7,"Slam. Melee Weapon Attack: +4 to hit, reach 5 ft., one target. Hit: 5 (1d6 + 2) bludgeoning damage. If the dolphin moved at least 30 feet straight toward the target immediately before the hit, the target takes an extra 3 (1d6) bludgeoning damage.Monsters of the Multiverse","0 ft., swim 60 ft.",Perception +3,25
pit-fiend,20,fiend (devil),Large,19,300,lawful evil,,26,14,24,22,18,24,"Multiattack. The pit fiend makes four attacks: one with its bite, one with its claw, one with its mace, and one with its tail.Bite. Melee Weapon Attack: +14 to hit, reach 5 ft., one target. Hit: 22 (4d6 + 8) piercing damage. The target must succeed on a DC 21 Constitution saving throw or become poisoned. While poisoned in this way, the target can't regain hit points, and it takes 21 (6d6) poison d","30 ft., fly 60 ft.",,25000
planetar,16,celestial,Large,19,200,lawful good,,24,20,24,19,22,25,"Multiattack. The planetar makes two melee attacks.Greatsword. Melee Weapon Attack: +12 to hit, reach 5 ft., one target. Hit: 21 (4d6 + 7) slashing damage plus 22 (5d8) radiant damage.Healing Touch (4/Day). The planetar touches another creature. The target magically regains 30 (6d8 + 3) hit points and is freed from any curse, disease, poison, blindness, or deafness.Monster Manual (SRD)","40 ft., fly 120 ft.",Perception +11,15000
plesiosaurus,2,beast,Large,13,68,unaligned,,18,15,16,2,12,5,"Bite. Melee Weapon Attack: +6 to hit, reach 10 ft., one target. Hit: 14 (3d6 + 4) piercing damage.This predatory marine reptile and cousin to the dinosaurs attacks any creature it encounters. Its long, flexible neck lets it twist in any direction to deliver a powerful bite.Monster Manual (SRD)","20 ft., swim 40 ft.","Perception +3, Stealth +4",450
giant-poisonous-snake,1,beast,Medium,14,11,unaligned,,10,18,13,2,10,3,"Bite. Melee Weapon Attack: +6 to hit, reach 10 ft., one target. Hit: 6 (1d4 + 4) piercing damage, and the target must make a DC 11 Constitution saving throw, taking 10 (3d6) poison damage on a failed save, or half as much damage on a successful one.Monster Manual (SRD)","30 ft., swim 30 ft.",Perception +2,50
polar-bear,2,beast,Large,12,42,unaligned,,20,10,16,2,13,7,"Multiattack. The bear makes two attacks: one with its bite and one with its claws.Bite. Melee Weapon Attack: +7 to hit, reach 5 ft., one target. Hit: 9 (1d8 + 5) piercing damage.Claws. Melee Weapon Attack: +7 to hit, reach 5 ft., one target. Hit: 12 (2d6 + 5) slashing damage.Monster Manual (SRD)","40 ft., swim 30 ft.",Perception +3,450
giant-wolf-spider,1,beast,Medium,13,11,unaligned,,12,16,13,3,12,4,"Bite. Melee Weapon Attack: +3 to hit, reach 5 ft., one creature. Hit: 4 (1d6 + 1) piercing damage, and the target must make a DC 11 Constitution saving throw, taking 7 (2d6) poison damage on a failed save, or half as much damage on a successful one. If the poison damage reduces the target to 0 hit points, the target is stable but poisoned for 1 hour, even after regaining hit points, and is paralyz","40 ft., climb 40 ft.","Perception +3, Stealth +7",50
priest,2,humanoid (any race),Medium,13,27,any alignment,,10,10,12,13,16,13,"Mace. Melee Weapon Attack: +2 to hit, reach 5 ft., one target. Hit: 3 (1d6) bludgeoning damage.Priests bring the teachings of their gods to the common folk. They are the spiritual leaders of temples and shrines and often hold positions of influence in their communities. Evil priests might work openly under a tyrant, or they might be the leaders of religious sects hidden in the shadows of good soci",30 ft.,"Medicine +7, Persuasion +3, Religion +5",450
grimlock,1,humanoid (grimlock),Medium,11,11,neutral evil,,16,12,12,9,8,6,"Spiked Bone Club. Melee Weapon Attack: +5 to hit, reach 5 ft., one target. Hit: 5 (1d4 + 3) bludgeoning damage plus 2 (1d4) piercing damage.Monster Manual (SRD)",30 ft.,"Athletics +5, Perception +3, Stealth +3",50
purple-worm,15,monstrosity,Gargantuan,18,247,unaligned,,28,7,22,1,8,4,"Multiattack. The worm makes two attacks: one with its bite and one with its stinger.Bite. Melee Weapon Attack: +14 to hit, reach 10 ft., one target. Hit: 22 (3d8 + 9) piercing damage. If the target is a Large or smaller creature, it must succeed on a DC 19 Dexterity saving throw or be swallowed by the worm. A swallowed creature is blinded and restrained, it has total cover against attacks and othe","50 ft., burrow 30 ft.",,13000
quasit,1,"fiend (demon, shapechanger)",Tiny,13,7,chaotic evil,,5,17,10,7,10,10,"Claws (Bite in Beast Form). Melee Weapon Attack: +4 to hit, reach 5 ft., one target. Hit: 5 (1d4 + 3) piercing damage, and the target must succeed on a DC 10 Constitution saving throw or take 5 (2d4) poison damage and become poisoned for 1 minute. The target can repeat the saving throw at the end of each of its turns, ending the effect on itself on a success.Scare (1/Day). One creature of the quas",40 ft.,Stealth +5,200
quetzalcoatlus,2,beast,Huge,13,30,unaligned,,15,13,13,2,10,5,"Bite. Melee Weapon Attack: +4 to hit, reach 10 ft., one creature. Hit: 12 (3d6 + 2) piercing damage. If the quetzalcoatlus flew least 30 feet toward the target immediately before the hit, the target takes an extra 10 (3d6) piercing damage.Monsters of the Multiverse","10 ft., fly 80 ft.",Perception +2,450
quipper,0,beast,Tiny,13,1,unaligned,,2,16,9,1,7,2,"Bite. Melee Weapon Attack: +5 to hit, reach 5 ft., one target. Hit: 1 piercing damage.A quipper is a carnivorous fish with sharp teeth.Monster Manual (SRD)","0 ft., swim 40 ft.",,10
rakshasa,13,fiend,Medium,16,110,lawful evil,,14,17,18,13,16,20,"Multiattack. The rakshasa makes two claw attacks.Claw. Melee Weapon Attack: +7 to hit, reach 5 ft., one target. Hit: 9 (2d6 + 2) slashing damage, and the target is cursed if it is a creature. The magical curse takes effect whenever the target takes a short or long rest, filling the target's thoughts with horrible images and dreams. The cursed target gains no benefit from finishing a short or long ",40 ft.,"Deception +10, Insight +8",10000
rat,0,beast,Tiny,10,1,unaligned,,2,11,9,2,10,4,"Bite. Melee Weapon Attack: +0 to hit, reach 5 ft., one target. Hit: 1 piercing damage.Monster Manual (SRD)",20 ft.,,10
raven,0,beast,Tiny,12,1,unaligned,,2,14,8,2,12,6,"Beak. Melee Weapon Attack: +4 to hit, reach 5 ft., one target. Hit: 1 piercing damage.Monster Manual (SRD)","10 ft., fly 50 ft.",Perception +3,10
red-dragon-wyrmling,4,dragon,Medium,17,75,chaotic evil,,19,10,17,12,11,15,"Bite. Melee Weapon Attack: +6 to hit, reach 5 ft., one target. Hit: 9 (1d10 + 4) piercing damage plus 3 (1d6) fire damage.Fire Breath (Recharge 5-6). The dragon exhales fire in a 15-foot cone. Each creature in that area must make a DC 13 Dexterity saving throw, taking 24 (7d6) fire damage on a failed save, or half as much damage on a successful one.Monster Manual (SRD)","30 ft., climb 30 ft., fly 60 ft.","Perception +4, Stealth +2",1100
guard,1,humanoid (any race),Medium,16,11,any alignment,,13,12,12,10,11,10,"Spear. Melee or Ranged Weapon Attack: +3 to hit, reach 5 ft. or range 20/60 ft., one target. Hit: 4 (1d6 + 1) piercing damage, or 5 (1d8 + 1) piercing damage if used with two hands to make a melee attack.Guards include members of a city watch, sentries in a citadel or fortified town, and the bodyguards of merchants and nobles.Monster Manual (SRD)",30 ft.,Perception +2,25
remorhaz,11,monstrosity,Huge,17,195,unaligned,,24,13,21,4,10,5,"Bite. Melee Weapon Attack: +11 to hit, reach 10 ft., one target. Hit: 40 (6d10 + 7) piercing damage plus 10 (3d6) fire damage. If the target is a creature, it is grappled (escape DC 17). Until this grapple ends, the target is restrained, and the remorhaz can't bite another target.Swallow. The remorhaz makes one bite attack against a Medium or smaller creature it is grappling. If the attack hits, t","30 ft., burrow 20 ft.",,7200
revenant,5,undead,Medium,13,136,neutral,,18,14,18,13,16,18,"Multiattack. The revenant makes two fist attacks.Fist. Melee Weapon Attack: +7 to hit, reach 5 ft., one target. Hit: 11 (2d6 + 4) bludgeoning damage. If the target is a creature against which the revenant has sworn vengeance, the target takes an extra 14 (4d6) bludgeoning damage. Instead of dealing damage, the revenant can grapple the target (escape DC 14) provided the target is Large or smaller.V",30 ft.,,1800
rhinoceros,2,beast,Large,11,45,unaligned,,21,8,15,2,12,6,"Gore. Melee Weapon Attack: +7 to hit, reach 5 ft., one target. Hit: 14 (2d8 + 5) bludgeoning damage.Monster Manual (SRD)",40 ft.,,450
hobgoblin,1,humanoid (goblinoid),Medium,18,11,lawful evil,,13,12,12,10,10,9,,30 ft.,,100
roc,11,monstrosity,Gargantuan,15,248,unaligned,,28,10,20,3,10,9,"Multiattack. The roc makes two attacks: one with its beak and one with its talons.Beak. Melee Weapon Attack: +13 to hit, reach 10 ft., one target. Hit: 27 (4d8 + 9) piercing damage.Talons. Melee Weapon Attack: +13 to hit, reach 5 ft., one target. Hit: 23 (4d6 + 9) slashing damage, and the target is grappled (escape DC 19). Until this grapple ends, the target is restrained, and the roc can't use it","20 ft., fly 120 ft.",Perception +4,7200
roper,5,monstrosity,Large,20,93,neutral evil,,18,8,17,7,16,6,"Multiattack. The roper makes four attacks with its tendrils, uses Reel, and makes one attack with its bite.Bite. Melee Weapon Attack: +7 to hit, reach 5 ft., one target. Hit: 22 (4d8 + 4) piercing damage.Tendril. Melee Weapon Attack: +7 to hit, reach 50 ft., one creature. Hit: The target is grappled (escape DC 15). Until the grapple ends, the target is restrained and has disadvantage on Strength c","10 ft., climb 10 ft.","Perception +6, Stealth +5",1800
rug-of-smothering,2,construct,Large,12,33,unaligned,,17,14,10,1,3,1,"Smother. Melee Weapon Attack: +5 to hit, reach 5 ft., one Medium or smaller creature. Hit: The creature is grappled (escape DC 13). Until this grapple ends, the target is restrained, blinded, and at risk of suffocating, and the rug can't smother another target. In addition, at the start of each of the target's turns, the target takes 10 (2d6 + 3) bludgeoning damage.Monster Manual (SRD)",10 ft.,,450
merfolk,1,humanoid (merfolk),Medium,11,11,neutral,,10,13,12,11,11,12,"Spear. Melee or Ranged Weapon Attack: +2 to hit, reach 5 ft. or range 20/60 ft., one target. Hit: 3 (1d6) piercing damage, or 4 (1d8) piercing damage if used with two hands to make a melee attack.Merfolk are aquatic humanoids with the lower body of a fish. They live in small tribes beneath the waves.Monster Manual (SRD)","10 ft., swim 40 ft.",Perception +2,25
saber-toothed-tiger,2,beast,Large,12,52,unaligned,,18,14,15,3,12,8,"Bite. Melee Weapon Attack: +6 to hit, reach 5 ft., one target. Hit: 10 (1d10 + 5) piercing damage.Claw. Melee Weapon Attack: +6 to hit, reach 5 ft., one target. Hit: 12 (2d6 + 5) slashing damage.Monster Manual (SRD)",40 ft.,"Perception +3, Stealth +6",450
mule,1,beast,Medium,10,11,unaligned,,14,10,13,2,10,5,"Hooves. Melee Weapon Attack: +2 to hit, reach 5 ft., one target. Hit: 4 (1d4 + 2) bludgeoning damage.Monster Manual (SRD)",40 ft.,,25
salamander,5,elemental,Large,15,90,neutral evil,,18,14,15,11,10,12,"Multiattack. The salamander makes two attacks: one with its spear and one with its tail.Spear. Melee or Ranged Weapon Attack: +7 to hit, reach 5 ft. or range 20 ft./60 ft., one target. Hit: 11 (2d6 + 4) piercing damage, or 13 (2d8 + 4) piercing damage if used with two hands to make a melee attack, plus 3 (1d6) fire damage.Tail. Melee Weapon Attack: +7 to hit, reach 10 ft., one target. Hit: 11 (2d6",30 ft.,,1800
scorpion,0,beast,Tiny,11,1,unaligned,,2,11,8,1,8,2,"Sting. Melee Weapon Attack: +2 to hit, reach 5 ft., one creature. Hit: 1 piercing damage, and the target must make a DC 9 Constitution saving throw, taking 4 (1d8) poison damage on a failed save, or half as much damage on a successful one.Monster Manual (SRD)",10 ft.,,10
sea-hag,2,fey,Medium,14,52,chaotic evil,,16,13,16,12,12,13,"Claws. Melee Weapon Attack: +5 to hit, reach 5 ft., one target. Hit: 10 (2d6 + 3) slashing damage.Death Glare. The hag targets one frightened creature she can see within 30 feet of her. If the target can see the hag, it must succeed on a DC 11 Wisdom saving throw against this magic or drop to 0 hit points.Illusory Appearance. The hag covers herself and anything she is wearing or carrying with a ma","30 ft., swim 40 ft.",,450
sea-horse,0,beast,Tiny,11,1,unaligned,,1,12,8,1,10,2,,"0 ft., swim 20 ft.",,0
shadow-demon,4,fiend (demon),Medium,13,66,chaotic evil,,1,17,12,14,13,14,"Claws. Melee Weapon Attack: +5 to hit, reach 5 ft., one creature. Hit: 10 (2d6 + 3) psychic damage or, if the demon had advantage on the attack roll, 17 (4d6 + 3) psychic damage.Monster Manual (BR+)","30 ft., fly 30 ft.",Stealth +7,1100
shambling-mound,5,plant,Large,15,136,unaligned,,18,8,16,5,10,5,"Multiattack. The shambling mound makes two slam attacks. If both attacks hit a Medium or smaller target, the target is grappled (escape DC 14), and the shambling mound uses its Engulf on it.Slam. Melee Weapon Attack: +7 to hit, reach 5 ft., one target. Hit: 13 (2d8 + 4) bludgeoning damage.Engulf. The shambling mound engulfs a Medium or smaller creature grappled by it. The engulfed target is blinde","20 ft., swim 20 ft.",Stealth +2,1800
shield-guardian,7,construct,Large,17,142,unaligned,,18,8,18,7,10,3,"Multiattack. The guardian makes two fist attacks.Fist. Melee Weapon Attack: +7 to hit, reach 5 ft., one target. Hit: 11 (2d6 + 4) bludgeoning damage.ReactionsShield. When a creature makes an attack against the wearer of the guardian's amulet, the guardian grants a +2 bonus to the wearer's AC if the guardian is within 5 feet of the wearer.Monster Manual (SRD)",30 ft.,,2900
shrieker,0,plant,Medium,5,13,unaligned,,1,1,10,1,3,1,"Shriek. When bright light or a creature is within 30 feet of the shrieker, it emits a shriek audible within 300 feet of it. The shrieker continues to shriek until the disturbance moves out of range and for 1d4 of the shrieker's turns afterward.Monster Manual (SRD)",0 ft.,,10
sibriex,18,fiend (demon),Huge,19,150,chaotic evil,Legendary,10,3,23,25,24,25,"Multiattack. The sibriex makes three Chain attacks, and it uses Squirt Bile.Chain. Melee Weapon Attack: +13 to hit, reach 15 ft., one target. Hit: 20 (2d12 + 7) force damage.Spellcasting. The sibriex casts one of the following spells, requiring no material components and using Charisma as the spellcasting ability (spell save DC 21):At will: command, dispel magic, hold monster1/day: feeblemindSquir","0 ft., fly 20 ft. (hover)","Arcana +13, History +13, Perception +13",20000
silver-dragon-wyrmling,2,dragon,Medium,17,45,lawful good,,19,10,17,12,11,15,"Bite. Melee Weapon Attack: +6 to hit, reach 5 ft., one target. Hit: 9 (1d10 + 4) piercing damage.Breath Weapons (Recharge 5-6). The dragon uses one of the following breath weapons.Cold Breath. The dragon exhales an icy blast in a 15-foot cone. Each creature in that area must make a DC 13 Constitution saving throw, taking 18 (4d8) cold damage on a failed save, or half as much damage on a successful","30 ft., fly 60 ft.","Perception +4, Stealth +2",450
pony,1,beast,Medium,10,11,unaligned,,15,10,13,2,11,7,"Hooves. Melee Weapon Attack: +4 to hit, reach 5 ft., one target. Hit: 7 (2d4 + 2) bludgeoning damage.Monster Manual (SRD)",40 ft.,,25
tribal-warrior,1,humanoid (any race),Medium,12,11,any alignment,,13,11,12,8,11,8,"Spear. Melee or Ranged Weapon Attack: +3 to hit, reach 5 ft. or range 20/60 ft., one target. Hit: 4 (1d6 + 1) piercing damage, or 5 (1d8 + 1) piercing damage if used with two hands to make a melee attack.Tribal warriors live beyond civilization, most often subsisting on fishing and hunting. Each tribe acts in accordance with the wishes of its chief, who is the greatest or oldest warrior of the tri",30 ft.,,25
slithering-tracker,3,ooze,Medium,14,32,chaotic evil,,16,19,15,10,14,11,Slam.Life Leech.Bonus actionsWatery Stealth.Monsters of the Multiverse,"30 ft., climb 30 ft., swim 30 ft.","Stealth +8, Survival +6",700
wolf,1,beast,Medium,13,11,unaligned,,12,15,12,3,12,6,"Bite. Melee Weapon Attack: +4 to hit, reach 5 ft., one target. Hit: 7 (2d4 + 2) piercing damage. If the target is a creature, it must succeed on a DC 11 Strength saving throw or be knocked prone.Monster Manual (SRD)",40 ft.,"Perception +3, Stealth +4",50
solar,21,celestial,Large,21,243,lawful good,Legendary,26,22,26,25,25,30,"Multiattack. The solar makes two greatsword attacks.Greatsword. Melee Weapon Attack: +15 to hit, reach 5 ft., one target. Hit: 22 (4d6 + 8) slashing damage plus 27 (6d8) radiant damage.Slaying Longbow. Ranged Weapon Attack: +13 to hit, range 150/600 ft., one target. Hit: 15 (2d8 + 6) piercing damage plus 27 (6d8) radiant damage. If the target is a creature that has 100 hit points or fewer, it must","50 ft., fly 150 ft.",Perception +14,33000
spectator,3,aberration,Medium,14,39,lawful neutral,,8,14,14,13,14,11,"Bite. Melee Weapon Attack: +1 to hit, reach 5 ft., one target. Hit: 2 (1d6 - 1) piercing damage.Eye Rays. The spectator shoots up to two of the following magical eye rays at one or two creatures it can see within 90 feet of it. It can use each ray only once on a turn. 1- Confusion Ray. The target must succeed on a DC 13 Wisdom saving throw, or it can't take reactions until the end of its next turn","0 ft., fly 30 ft. (hover)",Perception +6,700
specter,1,undead,Medium,12,22,chaotic evil,,1,14,11,10,10,11,,"0 ft., fly 50 ft. (hover)",,200
spider,0,beast,Tiny,12,1,unaligned,,2,14,8,1,10,2,"Bite. Melee Weapon Attack: +4 to hit, reach 5 ft., one creature. Hit: 1 piercing damage, and the target must succeed on a DC 9 Constitution saving throw or take 2 (1d4) poison damage.Monster Manual (SRD)","20 ft., climb 20 ft.",Stealth +4,10
spirit-naga,8,monstrosity,Large,15,75,chaotic evil,,18,17,14,16,15,16,"Bite. Melee Weapon Attack: +7 to hit, reach 10 ft., one creature. Hit: 7 (1d6 + 4) piercing damage, and the target must make a DC 13 Constitution saving throw, taking 31 (7d8) poison damage on a failed save, or half as much damage on a successful one.Monster Manual (SRD)",40 ft.,,3900
spy,1,humanoid (any race),Medium,12,27,any alignment,,10,15,10,12,14,16,"Multiattack. The spy makes two melee attacks.Shortsword. Melee Weapon Attack: +4 to hit, reach 5 ft., one target. Hit: 5 (1d6 + 2) piercing damage.Hand Crossbow. Ranged Weapon Attack: +4 to hit, range 30/120 ft., one target. Hit: 5 (1d6 + 2) piercing damage.Rulers, nobles, merchants, guildmasters, and other wealthy individuals use spies to gain the upper hand in a world of cutthroat politics. A sp",30 ft.,"Deception +5, Insight +4, Investigation +5, Perception +6, Persuasion +5, Sleight of Hand +4, Stealth +4",200
acolyte,1,humanoid (any race),Medium,10,9,any alignment,,10,10,10,10,14,11,"Club. Melee Weapon Attack: +2 to hit, reach 5 ft., one target. Hit: 2 (1d4) bludgeoning damage.Acolytes are junior members of a clergy, usually answerable to a priest. They perform a variety of functions in a temple and are granted minor spellcasting power by their deities.Monster Manual (SRD)",30 ft.,"Medicine +4, Religion +2",50
stone-giant,7,giant,Huge,17,126,neutral,,23,15,20,10,12,9,"Multiattack. The giant makes two greatclub attacks.Greatclub. Melee Weapon Attack: +9 to hit, reach 15 ft., one target. Hit: 19 (3d8 + 6) bludgeoning damage.Rock. Ranged Weapon Attack: +9 to hit, range 60/240 ft., one target. Hit: 28 (4d10 + 6) bludgeoning damage. If the target is a creature, it must succeed on a DC 17 Strength saving throw or be knocked prone.ReactionsRock Catching. If a rock or ",40 ft.,"Athletics +12, Perception +4",2900
stone-giant-dreamwalker,10,giant (stone giant),Huge,18,161,chaotic neutral,,23,14,21,10,8,12,Multiattack.Greatclub.Rock.Petrifying Touch.Monsters of the Multiverse,40 ft.,"Athletics +14, Perception +3",5900
stone-golem,10,construct,Large,17,178,unaligned,,22,9,20,3,11,1,"Multiattack. The golem makes two slam attacks.Slam. Melee Weapon Attack: +10 to hit, reach 5 ft., one target. Hit: 19 (3d8 + 6) bludgeoning damage.Slow (Recharge 5-6). The golem targets one or more creatures it can see within 10 feet of it. Each target must make a DC 17 Wisdom saving throw against this magic. On a failed save, a target can't use reactions, its speed is halved, and it can't make mo",30 ft.,,5900
storm-giant,13,giant,Huge,16,230,chaotic good,,29,14,20,16,18,18,"Multiattack. The giant makes two greatsword attacks.Greatsword. Melee Weapon Attack: +14 to hit, reach 10 ft., one target. Hit: 30 (6d6 + 9) slashing damage.Rock. Ranged Weapon Attack: +14 to hit, range 60/240 ft., one target. Hit: 35 (4d12 + 9) bludgeoning damage.Lightning Strike (Recharge 5-6). The giant hurls a magical lightning bolt at a point it can see within 500 feet of it. Each creature wi","50 ft., swim 50 ft.","Arcana +8, Athletics +14, History +8, Perception +9",10000
succubus,4,fiend (shapechanger),Medium,15,66,neutral evil,,8,17,13,15,12,20,"Claw (Fiend Form Only). Melee Weapon Attack: +5 to hit, reach 5 ft., one target. Hit: 6 (1d6 + 3) slashing damage.Charm. One humanoid the fiend can see within 30 feet of it must succeed on a DC 15 Wisdom saving throw or be magically charmed for 1 day. The charmed target obeys the fiend's verbal or telepathic commands. If the target suffers any harm or receives a suicidal command, it can repeat the","30 ft., fly 60 ft.","Deception +9, Insight +5, Perception +5, Persuasion +9, Stealth +7",1100
cultist,1,humanoid (any race),Medium,12,9,any non-good alignment,,11,12,10,10,11,10,"Scimitar. Melee Weapon Attack: +3 to hit, reach 5 ft., one creature. Hit: 4 (1d6 + 1) slashing damage.Cultists swear allegiance to dark powers such as elemental princes, demon lords, or archdevils. Most conceal their loyalties to avoid being ostracized, imprisoned, or executed for their beliefs. Unlike evil acolytes, cultists often show signs of insanity in their beliefs and practices.Monster Manu",30 ft.,"Deception +2, Religion +2",25
swarm-of-poisonous-snakes,2,swarm of Tiny beasts,Medium,14,36,unaligned,,8,18,11,1,10,3,"Bites. Melee Weapon Attack: +6 to hit, reach 0 ft., one creature in the swarm's space. Hit: 7 (2d6) piercing damage, or 3 (1d6) piercing damage if the swarm has half of its hit points or fewer. The target must make a DC 10 Constitution saving throw, taking 14 (4d6) poison damage on a failed save, or half as much damage on a successful one.Monster Manual (SRD)","30 ft., swim 30 ft.",,450
swarm-of-quippers,1,swarm of Tiny beasts,Medium,13,28,unaligned,,13,16,9,1,7,2,"Bites. Melee Weapon Attack: +5 to hit, reach 0 ft., one creature in the swarm's space. Hit: 14 (4d6) piercing damage, or 7 (2d6) piercing damage if the swarm has half of its hit points or fewer.Monster Manual (SRD)","0 ft., swim 40 ft.",,200
giant-weasel,1,beast,Medium,13,9,unaligned,,11,16,10,4,12,5,"Bite. Melee Weapon Attack: +5 to hit, reach 5 ft., one target. Hit: 5 (1d4 + 3) piercing damage.Monster Manual (SRD)",40 ft.,"Perception +3, Stealth +5",25
magmin,1,elemental,Small,14,9,chaotic neutral,,7,15,12,8,11,10,,30 ft.,,100
noble,1,humanoid (any race),Medium,15,9,any alignment,,11,12,11,12,14,16,"Parry. The noble adds 2 to its AC against one melee attack that would hit it. To do so, the noble must see the attacker and be wielding a melee weapon.Nobles wield great authority and influence as members of the upper class, possessing wealth and connections that can make them as powerful as monarchs and generals. A noble often travels in the company of guards, as well as servants who are commoner",30 ft.,"Deception +5, Insight +4, Persuasion +5",25
tanarukk,5,"fiend (demon, orc)",Medium,14,95,chaotic evil,,18,13,20,9,9,9,"Multiattack. The tanarukk makes one Bite attack and one Greatsword attack.Bite. Melee Weapon Attack: +7 to hit, reach 5 ft., one target. Hit: 8 (1d8 + 4) piercing damage.Greatsword. Melee Weapon Attack: +7 to hit, reach 5 ft., one target. Hit: 11 (2d6 + 4) slashing damage.Bonus actionsAggressive. The tanarukk moves up to its speed toward an enemy that it can see.ReactionsUnbridled Fury. In respons",30 ft.,"Intimidation +2, Perception +2",1800
tarrasque,30,monstrosity (titan),Gargantuan,25,676,unaligned,Legendary,30,11,30,3,11,11,"Multiattack. The tarrasque can use its Frightful Presence. It then makes five attacks: one with its bite, two with its claws, one with its horns, and one with its tail. It can use its Swallow instead of its bite.Bite. Melee Weapon Attack: +19 to hit, reach 10 ft., one target. Hit: 36 (4d12 + 10) piercing damage. If the target is a creature, it is grappled (escape DC 20). Until this grapple ends, t",40 ft.,,155000
tiger,1,beast,Large,12,37,unaligned,,17,15,14,3,12,8,"Bite. Melee Weapon Attack: +5 to hit, reach 5 ft., one target. Hit: 8 (1d10 + 3) piercing damage.Claw. Melee Weapon Attack: +5 to hit, reach 5 ft., one target. Hit: 7 (1d8 + 3) slashing damage.Monster Manual (SRD)",40 ft.,"Perception +3, Stealth +6",200
blood-hawk,1,beast,Small,12,7,unaligned,,6,14,10,3,14,5,"Beak. Melee Weapon Attack: +4 to hit, reach 5 ft., one target. Hit: 4 (1d4 + 2) piercing damage.Taking its name from its crimson feathers and aggressive nature, the blood hawk fearlessly attacks with its daggerlike beak.Monster Manual (SRD)","10 ft., fly 60 ft.",Perception +4,25
treant,9,plant,Huge,16,138,chaotic good,,23,8,21,12,16,12,"Multiattack. The treant makes two slam attacks.Slam. Melee Weapon Attack: +10 to hit, reach 5 ft., one target. Hit: 16 (3d6 + 6) bludgeoning damage.Rock. Ranged Weapon Attack: +10 to hit, range 60/180 ft., one target. Hit: 28 (4d10 + 6) bludgeoning damage.Animate Trees (1/Day). The treant magically animates one or two trees it can see within 60 feet of it. These trees have the same statistics as a",30 ft.,,5000
giant-rat,1,beast,Small,12,7,unaligned,,7,15,11,2,10,4,"Bite. Melee Weapon Attack: +4 to hit, reach 5 ft., one target. Hit: 4 (1d4 + 2) piercing damage.Monster Manual (SRD)",30 ft.,,25
triceratops,5,beast,Huge,13,95,unaligned,,22,9,17,2,11,5,"Gore. Melee Weapon Attack: +9 to hit, reach 5 ft., one target. Hit: 24 (4d8 + 6) piercing damage.Stomp. Melee Weapon Attack: +9 to hit, reach 5 ft., one prone creature. Hit: 22 (3d10 + 6) bludgeoning damageOne of the most aggressive of the herbivorous dinosaurs, a triceratops possesses great horns and formidable speed, which it uses to gore and trample would-be predators to death.Monster Manual (S",50 ft.,,1800
goblin,1,humanoid (goblinoid),Small,15,7,neutral evil,,8,14,10,10,8,8,"Scimitar. Melee Weapon Attack: +4 to hit, reach 5 ft., one target. Hit: 5 (1d6 + 2) slashing damage.Shortbow. Ranged Weapon Attack: +4 to hit, range 80/320 ft., one target. Hit: 5 (1d6 + 2) piercing damage.Goblins are small, black-hearted humanoids that lair in despoiled dungeons and other dismal settings. Individually weak, they gather in large numbers to torment other creatures.Monster Manual (S",30 ft.,Stealth +6,50
troll,5,giant,Large,15,84,chaotic evil,,18,13,20,7,9,7,"Multiattack. The troll makes three attacks: one with its bite and two with its claws.Bite. Melee Weapon Attack: +7 to hit, reach 5 ft., one target. Hit: 7 (1d6 + 4) piercing damage.Claw. Melee Weapon Attack: +7 to hit, reach 5 ft., one target. Hit: 11 (2d6 + 4) slashing damage.Fearsome green-skinned giants, trolls eat anything they can catch and devour. Only acid and fire can arrest the regenerati",30 ft.,Perception +2,1800
pseudodragon,1,dragon,Tiny,13,7,neutral good,,6,15,13,10,12,10,"Bite. Melee Weapon Attack: +4 to hit, reach 5 ft., one target. Hit: 4 (1d4 + 2) piercing damage.Sting. Melee Weapon Attack: +4 to hit, reach 5 ft., one creature. Hit: 4 (1d4 + 2) piercing damage, and the target must succeed on a DC 11 Constitution saving throw or become poisoned for 1 hour. If the saving throw fails by 5 or more, the target falls unconscious for the same duration, or until it take","15 ft., fly 60 ft.","Perception +3, Stealth +4",50
tyrannosaurus-rex,8,beast,Huge,13,136,unaligned,,25,10,19,2,12,9,"Multiattack. The tyrannosaurus makes two attacks: one with its bite and one with its tail. It can't make both attacks against the same target.Bite. Melee Weapon Attack: +10 to hit, reach 10 ft., one target. Hit: 33 (4d12 + 7) piercing damage. If the target is a Medium or smaller creature, it is grappled (escape DC 17). Until this grapple ends, the target is restrained, and the tyrannosaurus can't ",50 ft.,Perception +4,3900
umber-hulk,5,monstrosity,Large,18,93,chaotic evil,,20,13,16,9,10,10,"until the start of its next turn and rolls a d8 to determine what it does during that turn. On a 1 to 4, the creature does nothing. On a 5 or 6, the creature takes no action but uses all its movement to move in a random direction. On a 7 or 8, the creature makes one melee attack against a random creature, or it does nothing if no creature is within reach. Unless surprised, a creature can avert its","30 ft., burrow 20 ft.",,1800
unicorn,5,celestial,Large,12,67,lawful good,Legendary,18,14,15,11,17,16,"Multiattack. The unicorn makes two attacks: one with its hooves and one with its horn.Hooves. Melee Weapon Attack: +7 to hit, reach 5 ft., one target. Hit: 11 (2d6 + 4) bludgeoning damage.Horn. Melee Weapon Attack: +7 to hit, reach 5 ft., one target. Hit: 8 (1d8 + 4) piercing damage.Healing Touch (3/Day). The unicorn touches another creature with its horn. The target magically regains 11 (2d8 + 2)",50 ft.,,1800
vampire,13,undead (shapechanger),Medium,16,144,lawful evil,Legendary,18,18,18,17,15,18,", speak, or manipulate objects. It is weightless, has a flying speed of 20 feet, can hover, and can enter a hostile creature's space and stop there. In addition, if air can pass through a space, the mist can do so without squeezing, and it can't pass through water. It has advantage on Strength, Dexterity, and Constitution saving throws, and it is immune to all nonmagical damage, except the damage ",30 ft.,"Perception +7, Stealth +9",10000
vampire-spawn,5,undead,Medium,15,82,neutral evil,,16,16,16,11,10,12,"Multiattack. The vampire makes two attacks, only one of which can be a bite attack.Claws. Melee Weapon Attack: +6 to hit, reach 5 ft., one creature. Hit: 8 (2d4 + 3) slashing damage. Instead of dealing damage, the vampire can grapple the target (escape DC 13).Bite. Melee Weapon Attack: +6 to hit, reach 5 ft., one willing creature, or a creature that is grappled by the vampire, incapacitated, or re",30 ft.,"Perception +3, Stealth +6",1800
winged-kobold,1,humanoid (kobold),Small,13,7,lawful evil,,7,16,9,8,7,8,"Dagger. Melee Weapon Attack: +5 to hit, reach 5 ft., one target. Hit: 5 (1d4 + 3) piercing damage.Dropped Rock. Ranged Weapon Attack: +5 to hit, one target directly below the kobold. Hit: 6 (1d6 + 3) bludgeoning damage.Monster Manual (BR+)","30 ft., fly 30 ft.",,50
venerable-shadow,2,undead,Medium,13,27,chaotic evil,,6,16,13,6,12,10,"Strength Drain. Melee Weapon Attack: +5 to hit, reach 5 ft., one creature. Hit: 12 (2d8 + 3) necrotic damage, and the target's Strength score is reduced by 1d4. The target dies if this reduces its Strength to 0. Otherwise, the reduction lasts until the target finishes a short or long rest. If a non-evil humanoid dies from this attack, a new shadow (CR 1/2) rises from the corpse 1d2 hours later.Ext",40 ft.,Stealth +5 (+7 in dim light or darkness),450
veteran,3,humanoid (any race),Medium,17,58,any alignment,,16,13,14,10,11,10,"Multiattack. The veteran makes two longsword attacks. If it has a shortsword drawn, it can also make a shortsword attack.Longsword. Melee Weapon Attack: +5 to hit, reach 5 ft., one target. Hit: 7 (1d8 + 3) slashing damage, or 8 (1d10 + 3) slashing damage if used with two hands.Shortsword. Melee Weapon Attack: +5 to hit, reach 5 ft., one target. Hit: 6 (1d6 + 3) piercing damage.Heavy Crossbow. Rang",30 ft.,"Athletics +5, Perception +2",700
flying-snake,1,beast,Tiny,14,5,unaligned,,4,18,11,2,12,5,"Bite. Melee Weapon Attack: +6 to hit, reach 5 ft., one target. Hit: 1 piercing damage plus 7 (3d4) poison damage.A flying snake is a brightly colored, winged serpent found in remote jungles.Monster Manual (SRD)","30 ft., fly 60 ft., swim 30 ft.",,25
kobold,1,humanoid (kobold),Small,12,5,lawful evil,,7,15,9,8,7,8,"Dagger. Melee Weapon Attack: +4 to hit, reach 5 ft., one target. Hit: 4 (1d4 + 2) piercing damage.Sling. Ranged Weapon Attack: +4 to hit, range 30/120 ft., one target. Hit: 4 (1d4 + 2) bludgeoning damage.Kobolds are craven reptilian humanoids that commonly infest dungeons. They make up for their physical ineptitude with a cleverness for trap making.Monster Manual (SRD)",30 ft.,,25
vrock,6,fiend (demon),Large,15,104,chaotic evil,,17,15,18,8,13,8,"Multiattack. The vrock makes two attacks: one with its beak and one with its talons.Beak. Melee Weapon Attack: +6 to hit, reach 5 ft., one target. Hit: 10 (2d6 + 3) piercing damage.Talons. Melee Weapon Attack: +6 to hit, reach 5 ft., one target. Hit: 14 (2d10 + 3) slashing damage.Spores (Recharge 6). A 15-foot-radius cloud of toxic spores extends out from the vrock. The spores spread around corner","40 ft., fly 60 ft.",,2300
vulture,0,beast,Medium,10,5,unaligned,,7,10,13,2,12,4,"Beak. Melee Weapon Attack: +2 to hit, reach 5 ft., one target. Hit: 2 (1d4) piercing damage.Monster Manual (SRD)","10 ft., fly 50 ft.",Perception +3,10
mastiff,1,beast,Medium,12,5,unaligned,,13,14,12,3,12,7,"Bite. Melee Weapon Attack: +3 to hit, reach 5 ft., one target. Hit: 4 (1d6 + 1) piercing damage. If the target is a creature, it must succeed on a DC 11 Strength saving throw or be knocked prone.Mastiffs are impressive hounds prized by humanoids for their loyalty and keen senses.Monster Manual (SRD)",40 ft.,Perception +3,25
water-elemental,5,elemental,Large,14,114,neutral,,18,14,18,5,10,8,"Multiattack. The elemental makes two slam attacks.Slam. Melee Weapon Attack: +7 to hit, reach 5 ft., one target. Hit: 13 (2d8 + 4) bludgeoning damage.Whelm (Recharge 4-6). Each creature in the elemental's space must make a DC 15 Strength saving throw. On a failure, a target takes 13 (2d8 + 4) bludgeoning damage. If it is Large or smaller, it is also grappled (escape DC 14). Until this grapple ends","30 ft., swim 90 ft.",,1800
water-weird,3,elemental,Large,13,58,neutral,,17,16,13,11,10,10,"Constrict. Melee Weapon Attack: +5 to hit, reach 10 ft., one creature. Hit: 13 (3d6 + 3) bludgeoning damage. If the target is Medium or smaller, it is grappled (escape DC 13) and pulled 5 feet toward the water weird. Until this grapple ends, the target is restrained, the water weird tries to drown it, and the water weird can't constrict another target.Monster Manual (BR+)","0 ft., swim 60 ft.",,700
weasel,0,beast,Tiny,13,1,unaligned,,3,16,8,2,12,3,"Bite. Melee Weapon Attack: +5 to hit, reach 5 ft., one target. Hit: 1 piercing damage.Monster Manual (SRD)",30 ft.,"Perception +3, Stealth +5",10
werebear,5,"humanoid (human, shapechanger)",Medium,10,135,neutral good,,19,10,17,11,12,12,"Multiattack. In bear form, the werebear makes two claw attacks. In humanoid form, it makes two greataxe attacks. In hybrid form, it can attack like a bear or a humanoid.Bite (Bear or Hybrid Form Only). Melee Weapon Attack: +7 to hit, reach 5 ft., one target. Hit: 15 (2d10 + 4) piercing damage. If the target is a humanoid, it must succeed on a DC 14 Constitution saving throw or be cursed with wereb","30 ft. (40 ft., climb 30 ft. in bear or hybrid form)",Perception +7,1800
wereboar,4,"humanoid (human, shapechanger)",Medium,10,78,neutral evil,,17,10,15,10,11,8,"Multiattack (Humanoid or Hybrid Form Only). The wereboar makes two attacks, only one of which can be with its tusks.Maul (Humanoid or Hybrid Form Only). Melee Weapon Attack: +5 to hit, reach 5 ft., one target. Hit: 10 (2d6 + 3) bludgeoning damage.Tusks (Boar or Hybrid Form Only). Melee Weapon Attack: +5 to hit, reach 5 ft., one target. Hit: 10 (2d6 + 3) slashing damage. If the target is a humanoid",30 ft. (40 ft. in boar form),Perception +2,1100
wererat,2,"humanoid (human, shapechanger)",Medium,12,33,lawful evil,,10,15,12,11,10,8,"Multiattack (Humanoid or Hybrid Form Only). The wererat makes two attacks, only one of which can be a bite.Bite (Rat or Hybrid Form Only). Melee Weapon Attack: +4 to hit, reach 5 ft., one target. Hit: 4 (1d4 + 2) piercing damage. If the target is a humanoid, it must succeed on a DC 11 Constitution saving throw or be cursed with wererat lycanthropy.Shortsword (Humanoid or Hybrid Form Only). Melee W",30 ft.,"Perception +2, Stealth +4",450
weretiger,4,"humanoid (human, shapechanger)",Medium,12,120,neutral,,17,15,16,10,13,11,"Multiattack (Humanoid or Hybrid Form Only). In humanoid form, the weretiger makes two scimitar attacks or two longbow attacks. In hybrid form, it can attack like a humanoid or make two claw attacks.Bite (Tiger or Hybrid Form Only). Melee Weapon Attack: +5 to hit, reach 5 ft., one target. Hit: 8 (1d10 + 3) piercing damage. If the target is a humanoid, it must succeed on a DC 13 Constitution saving ",30 ft. (40 ft. in tiger form),"Perception +5, Stealth +4",1100
werewolf,3,"humanoid (human, shapechanger)",Medium,11,58,chaotic evil,,15,13,14,10,11,10,"Multiattack (Humanoid or Hybrid Form Only). The werewolf makes two attacks: two with its spear (humanoid form) or one with its bite and one with its claws (hybrid form).Bite (Wolf or Hybrid Form Only). Melee Weapon Attack: +4 to hit, reach 5 ft., one target. Hit: 6 (1d8 + 2) piercing damage. If the target is a humanoid, it must succeed on a DC 12 Constitution saving throw or be cursed with werewol",30 ft. (40 ft. in wolf form),"Perception +4, Stealth +3",700
white-dragon-wyrmling,2,dragon,Medium,16,32,chaotic evil,,14,10,14,5,10,11,"Bite. Melee Weapon Attack: +4 to hit, reach 5 ft., one target. Hit: 7 (1d10 + 2) piercing damage plus 2 (1d4) cold damage.Cold Breath (Recharge 5-6). The dragon exhales an icy blast of hail in a 15-foot cone. Each creature in that area must make a DC 12 Constitution saving throw, taking 22 (5d8) cold damage on a failed save, or half as much damage on a successful one.Monster Manual (SRD)","30 ft., burrow 15 ft., fly 60 ft., swim 30 ft.","Perception +4, Stealth +2",450
wight,3,undead,Medium,14,45,neutral evil,,15,14,16,10,13,15,"Multiattack. The wight makes two longsword attacks or two longbow attacks. It can use its Life Drain in place of one longsword attack.Life Drain. Melee Weapon Attack: +4 to hit, reach 5 ft., one creature. Hit: 5 (1d6 + 2) necrotic damage. The target must succeed on a DC 13 Constitution saving throw or its hit point maximum is reduced by an amount equal to the damage taken. This reduction lasts unt",30 ft.,"Perception +3, Stealth +4",700
wild-dog,1,beast,Medium,12,5,unaligned,,13,14,12,3,12,7,"Bite. Melee Weapon Attack: +3 to hit, reach 5 ft., one target. Hit: 4 (1d6 + 1) piercing damage.Extra (Adventurers League)",40 ft.,Perception +3,25
wild-dog-alpha,1,beast,Large,12,26,unaligned,,17,15,13,3,12,8,"Bite. Melee Weapon Attack: +5 to hit, reach 5 ft., one target. Hit: 7 (1d8 + 3) piercing damage.Extra (Adventurers League)",50 ft.,Perception +3,200
will-o--wisp,2,undead,Tiny,19,22,chaotic evil,,1,28,10,13,14,11,"Shock. Melee Spell Attack: +4 to hit, reach 5 ft., one creature. Hit: 9 (2d8) lightning damage.Invisibility. The will-o'-wisp and its light magically become invisible until it attacks or uses its Consume Life, or until its concentration ends (as if concentrating on a spell).Monster Manual (SRD)","0 ft., fly 50 ft. (hover)",,450
giant-centipede,1,beast,Small,13,4,unaligned,,5,14,12,1,7,3,"Bite. Melee Weapon Attack: +4 to hit, reach 5 ft., one creature. Hit: 4 (1d4 + 2) piercing damage, and the target must succeed on a DC 11 Constitution saving throw or take 10 (3d6) poison damage. If the poison damage reduces the target to 0 hit points, the target is stable but poisoned for 1 hour, even after regaining hit points, and is paralyzed while poisoned in this way.Monster Manual (SRD)","30 ft., climb 30 ft.",,50
winter-wolf,3,monstrosity,Large,13,75,neutral evil,,18,13,14,7,12,8,"Bite. Melee Weapon Attack: +6 to hit, reach 5 ft., one target. Hit: 11 (2d6 + 4) piercing damage. If the target is a creature, it must succeed on a DC 14 Strength saving throw or be knocked prone.Cold Breath (Recharge 5-6). The wolf exhales a blast of freezing wind in a 15-foot cone. Each creature in that area must make a DC 12 Dexterity saving throw, taking 18 (4d8) cold damage on a failed save, ",50 ft.,"Perception +5, Stealth +3",700
twig-blight,1,plant,Small,13,4,neutral evil,,6,13,12,4,8,3,"Claws. Melee Weapon Attack: +3 to hit, reach 5 ft., one target. Hit: 3 (1d4 + 1) piercing damage.A twig blight is an awakened plant that resembles a woody shrub that can pull its roots free of the ground. Its branches twist together to form a humanoid-looking body with a head and limbs.Monster Manual (BR)",20 ft.,Stealth +3,25
poisonous-snake,1,beast,Tiny,13,2,unaligned,,2,16,11,1,10,3,"Bite. Melee Weapon Attack: +5 to hit, reach 5 ft., one target. Hit: 1 piercing damage, and the target must make a DC 10 Constitution saving throw, taking 5 (2d4) poison damage on a failed save, or half as much damage on a successful one.Monster Manual (SRD)","30 ft., swim 30 ft.",,25
wraith,5,undead,Medium,13,67,neutral evil,,6,16,16,12,14,15,,"0 ft., fly 60 ft. (hover)",,1800
wyvern,6,dragon,Large,13,110,unaligned,,19,10,16,5,12,6,"Multiattack. The wyvern makes two attacks: one with its bite and one with its stinger. While flying, it can use its claws in place of one other attack.Bite. Melee Weapon Attack: +7 to hit, reach 10 ft., one creature. Hit: 11 (2d6 + 4) piercing damage.Claws. Melee Weapon Attack: +7 to hit, reach 5 ft., one target. Hit: 13 (2d8 + 4) slashing damage.Stinger. Melee Weapon Attack: +7 to hit, reach 10 f","20 ft., fly 80 ft.",Perception +4,2300
xorn,5,elemental,Medium,19,73,neutral,,17,10,22,11,10,11,"Multiattack. The xorn makes three claw attacks and one bite attack.Claw. Melee Weapon Attack: +6 to hit, reach 5 ft., one target. Hit: 6 (1d6 + 3) slashing damage.Bite. Melee Weapon Attack: +6 to hit, reach 5 ft., one target. Hit: 13 (3d6 + 3) piercing damage.Monster Manual (SRD)","20 ft., burrow 20 ft.","Perception +6, Stealth +3",1800
sprite,1,fey,Tiny,15,2,neutral good,,3,18,10,14,13,11,,"10 ft., fly 40 ft.","Perception +3, Stealth +8",50
stirge,1,beast,Tiny,14,2,unaligned,,4,16,11,2,8,6,"Blood Drain. Melee Weapon Attack: +5 to hit, reach 5 ft., one creature. Hit: 5 (1d4 + 3) piercing damage, and the stirge attaches to the target. While attached, the stirge doesn't attack. Instead, at the start of each of the stirge's turns, the target loses 5 (1d4 + 3) hit points due to blood loss. The stirge can detach itself by spending 5 feet of its movement. It does so after it drains 10 hit p","10 ft., fly 40 ft.",,25
yeti,3,monstrosity,Large,12,51,chaotic evil,,18,13,16,8,12,7,"Multiattack. The yeti can use its Chilling Gaze and makes two claw attacks.Claw. Melee Weapon Attack: +6 to hit, reach 5 ft., one target. Hit: 7 (1d6 + 4) slashing damage plus 3 (1d6) cold damage.Chilling Gaze. The yeti targets one creature it can see within 30 feet of it. If the target can see the yeti, the target must succeed on a DC 13 Constitution saving throw against this magic or take 10 (3d","40 ft., climb 40 ft.","Perception +3, Stealth +3",700
young-black-dragon,7,dragon,Large,18,127,chaotic evil,,19,14,17,12,11,15,"Multiattack. The dragon makes three attacks: one with its bite and two with its claws.Bite. Melee Weapon Attack: +7 to hit, reach 10 ft., one target. Hit: 15 (2d10 + 4) piercing damage plus 4 (1d8) acid damage.Claw. Melee Weapon Attack: +7 to hit, reach 5 ft., one target. Hit: 11 (2d6 + 4) slashing damage.Acid Breath (Recharge 5-6). The dragon exhales acid in a 30-foot line that is 5 feet wide. Ea","40 ft., fly 80 ft., swim 40 ft.","Perception +6, Stealth +5",2900
young-blue-dragon,9,dragon,Large,18,152,lawful evil,,21,10,19,14,13,17,"Multiattack. The dragon makes three attacks: one with its bite and two with its claws.Bite. Melee Weapon Attack: +9 to hit, reach 10 ft., one target. Hit: 16 (2d10 + 5) piercing damage plus 5 (1d10) lightning damage.Claw. Melee Weapon Attack: +9 to hit, reach 5 ft., one target. Hit: 12 (2d6 + 5) slashing damage.Lightning Breath (Recharge 5-6). The dragon exhales lightning in an 60-foot line that i","40 ft., burrow 20 ft., fly 80 ft.","Perception +9, Stealth +4",5000
young-brass-dragon,6,dragon,Large,17,110,chaotic good,,19,10,17,12,11,15,"Multiattack. The dragon makes three attacks: one with its bite and two with its claws.Bite. Melee Weapon Attack: +7 to hit, reach 10 ft., one target. Hit: 15 (2d10 + 4) piercing damage.Claw. Melee Weapon Attack: +7 to hit, reach 5 ft., one target. Hit: 11 (2d6 + 4) slashing damage.Breath Weapons (Recharge 5-6). The dragon uses one of the following breath weapons.Fire Breath. The dragon exhales fir","40 ft., burrow 20 ft., fly 80 ft.","Perception +6, Persuasion +5, Stealth +3",2300
young-bronze-dragon,8,dragon,Large,18,142,lawful good,,21,10,19,14,13,17,"Multiattack. The dragon makes three attacks: one with its bite and two with its claws.Bite. Melee Weapon Attack: +8 to hit, reach 10 ft., one target. Hit: 16 (2d10 + 5) piercing damage.Claw. Melee Weapon Attack: +8 to hit, reach 5 ft., one target. Hit: 12 (2d6 + 5) slashing damage.Breath Weapons (Recharge 5-6). The dragon uses one of the following breath weapons.Lightning Breath. The dragon exhale","40 ft., fly 80 ft., swim 40 ft.","Insight +4, Perception +7, Stealth +3",3900
young-copper-dragon,7,dragon,Large,17,119,chaotic good,,19,12,17,16,13,15,"Multiattack. The dragon makes three attacks: one with its bite and two with its claws.Bite. Melee Weapon Attack: +7 to hit, reach 10 ft., one target. Hit: 15 (2d10 + 4) piercing damage.Claw. Melee Weapon Attack: +7 to hit, reach 5 ft., one target. Hit: 11 (2d6 + 4) slashing damage.Breath Weapons (Recharge 5-6). The dragon uses one of the following breath weapons.Acid Breath. The dragon exhales aci","40 ft., climb 40 ft., fly 80 ft.","Deception +5, Perception +7, Stealth +4",2900
young-gold-dragon,10,dragon,Large,18,178,lawful good,,23,14,21,16,13,20,"Multiattack. The dragon makes three attacks: one with its bite and two with its claws.Bite. Melee Weapon Attack: +10 to hit, reach 10 ft., one target. Hit: 17 (2d10 + 6) piercing damage.Claw. Melee Weapon Attack: +10 to hit, reach 5 ft., one target. Hit: 13 (2d6 + 6) slashing damage.Breath Weapons (Recharge 5-6). The dragon uses one of the following breath weapons.Fire Breath. The dragon exhales f","40 ft., fly 80 ft., swim 40 ft.","Insight +5, Perception +9, Persuasion +9, Stealth +6",5900
young-green-dragon,8,dragon,Large,18,136,lawful evil,,19,12,17,16,13,15,"Multiattack. The dragon makes three attacks: one with its bite and two with its claws.Bite. Melee Weapon Attack: +7 to hit, reach 10 ft., one target. Hit: 15 (2d10 + 4) piercing damage plus 7 (2d6) poison damage.Claw. Melee Weapon Attack: +7 to hit, reach 5 ft., one target. Hit: 11 (2d6 + 4) slashing damage.Poison Breath (Recharge 5-6). The dragon exhales poisonous gas in a 30-foot cone. Each crea","40 ft., fly 80 ft., swim 40 ft.","Deception +5, Perception +7, Stealth +4",3900
young-red-dragon,10,dragon,Large,18,178,chaotic evil,,23,10,21,14,11,19,"Multiattack. The dragon makes three attacks: one with its bite and two with its claws.Bite. Melee Weapon Attack: +10 to hit, reach 10 ft., one target. Hit: 17 (2d10 + 6) piercing damage plus 3 (1d6) fire damage.Claw. Melee Weapon Attack: +10 to hit, reach 5 ft., one target. Hit: 13 (2d6 + 6) slashing damage.Fire Breath (Recharge 5-6). The dragon exhales fire in a 30-foot cone. Each creature in tha","40 ft., climb 40 ft., fly 80 ft.","Perception +8, Stealth +4",5900
young-silver-dragon,9,dragon,Large,18,168,lawful good,,23,10,21,14,11,19,"Multiattack. The dragon makes three attacks: one with its bite and two with its claws.Bite. Melee Weapon Attack: +10 to hit, reach 10 ft., one target. Hit: 17 (2d10 + 6) piercing damage.Claw. Melee Weapon Attack: +10 to hit, reach 5 ft., one target. Hit: 13 (2d6 + 6) slashing damage.Breath Weapons (Recharge 5-6). The dragon uses one of the following breath weapons.Cold Breath. The dragon exhales a","40 ft., fly 80 ft.","Arcana +6, History +6, Perception +8, Stealth +4",5000
young-white-dragon,6,dragon,Large,17,133,chaotic evil,,18,10,18,6,11,12,"Multiattack. The dragon makes three attacks: one with its bite and two with its claws.Bite. Melee Weapon Attack: +7 to hit, reach 10 ft., one target. Hit: 15 (2d10 + 4) piercing damage plus 4 (1d8) cold damage.Claw. Melee Weapon Attack: +7 to hit, reach 5 ft., one target. Hit: 11 (2d6 + 4) slashing damage.Cold Breath (Recharge 5-6). The dragon exhales an icy blast in a 30-foot cone. Each creature ","40 ft., burrow 20 ft., fly 80 ft., swim 40 ft.","Perception +6, Stealth +3",2300
yuan-ti-abomination,7,"monstrosity (shapechanger, yuan-ti)",Large,15,127,neutral evil,,19,16,17,17,15,18,"Multiattack (Abomination Form Only). The yuan-ti makes two ranged attacks or three melee attacks, but can use its bite and constrict attacks only once each.Bite. Melee Weapon Attack: +7 to hit, reach 5 ft., one creature. Hit: 7 (1d6 + 4) piercing damage plus 10 (3d6) poison damage.Constrict. Melee Weapon Attack: +7 to hit, reach 10 ft., one target. Hit: 11 (2d6 + 4) bludgeoning damage, and the tar",40 ft.,"Perception +5, Stealth +6",2900
yuan-ti-malison,3,"monstrosity (shapechanger, yuan-ti)",Medium,12,66,neutral evil,,16,14,13,14,12,16,"For Type 1Multiattack (Yuan-ti Form Only). The yuan-ti makes two ranged attacks or two melee attacks, but can use its bite only once.Bite. Melee Weapon Attack: +5 to hit, reach 5 ft., one creature. Hit: 5 (1d4 + 3) piercing damage plus 7 (2d6) poison damage.Scimitar (Yuan-ti Form Only). Melee Weapon Attack: +5 to hit, reach 5 ft., one target. Hit: 6 (1d6 + 3) slashing damage.Longbow (Yuan-ti Form ",30 ft.,"Deception +5, Stealth +4",700
yuan-ti-nightmare-speaker,4,"monstrosity (shapechanger, yuan-ti)",Medium,14,71,neutral evil,,16,14,13,14,12,16,Multiattack.Constrict.Scimitar (Yuan-ti Form Only).Spectral Fangs.Invoke Nightmare (Recharges after a Short or Long Rest).Spellcasting (Yuan-ti Form Only).Bonus actionsChange Shape.Monsters of the Multiverse,30 ft.,"Deception +5, Stealth +4",1100
yuan-ti-pureblood,1,humanoid (yuan-ti),Medium,11,40,neutral evil,,11,12,11,13,12,14,"Multiattack. The yuan-ti makes two melee attacks.Scimitar. Melee Weapon Attack: +3 to hit, reach 5 ft., one target. Hit: 4 (1d6 + 1) slashing damage.Shortbow. Ranged Weapon Attack: +3 to hit, range 80/320 ft., one target. Hit: 4 (1d6 + 1) piercing damage plus 7 (2d6) poison damage.Appear mostly human, with minor reptilian features, such as slitted eyes, a forked tongue, or patches of scales on the",30 ft.,"Deception +6, Perception +3, Stealth +3",200
